-- phpMyAdmin SQL Dump
-- version 4.8.5
-- https://www.phpmyadmin.net/
--
-- Host: 127.0.0.1
-- Generation Time: Nov 29, 2021 at 05:43 PM
-- Server version: 10.1.38-MariaDB
-- PHP Version: 5.6.40

SET SQL_MODE = "NO_AUTO_VALUE_ON_ZERO";
SET AUTOCOMMIT = 0;
START TRANSACTION;
SET time_zone = "+00:00";


/*!40101 SET @OLD_CHARACTER_SET_CLIENT=@@CHARACTER_SET_CLIENT */;
/*!40101 SET @OLD_CHARACTER_SET_RESULTS=@@CHARACTER_SET_RESULTS */;
/*!40101 SET @OLD_COLLATION_CONNECTION=@@COLLATION_CONNECTION */;
/*!40101 SET NAMES utf8mb4 */;

--
-- Database: `skripsi`
--

-- --------------------------------------------------------

--
-- Table structure for table `calculate_ctdma`
--

CREATE TABLE `calculate_ctdma` (
  `id_calculate_ctdma` int(4) NOT NULL,
  `id_data_pengunjung` int(4) DEFAULT NULL,
  `ctdma` decimal(20,6) DEFAULT NULL
) ENGINE=InnoDB DEFAULT CHARSET=latin1;

--
-- Dumping data for table `calculate_ctdma`
--

INSERT INTO `calculate_ctdma` (`id_calculate_ctdma`, `id_data_pengunjung`, `ctdma`) VALUES
(1, 1, NULL),
(2, 2, NULL),
(3, 3, NULL),
(4, 4, NULL),
(5, 5, NULL),
(6, 6, NULL),
(7, 7, '52164.125000'),
(8, 8, '52773.708333'),
(9, 9, '54340.458333'),
(10, 10, '56266.833333'),
(11, 11, '58936.250000'),
(12, 12, '59215.541667'),
(13, 13, '59325.458333'),
(14, 14, '61273.375000'),
(15, 15, '62799.208333'),
(16, 16, '65663.000000'),
(17, 17, '67607.458333'),
(18, 18, '69469.750000'),
(19, 19, '72254.166667'),
(20, 20, '73503.458333'),
(21, 21, '74315.500000'),
(22, 22, '76003.208333'),
(23, 23, '77071.000000'),
(24, 24, '79000.416667'),
(25, 25, '84570.000000'),
(26, 26, '88362.791667'),
(27, 27, '88690.375000'),
(28, 28, '88278.000000'),
(29, 29, '88358.083333'),
(30, 30, '88131.875000'),
(31, 31, '87396.333333'),
(32, 32, '88564.041667'),
(33, 33, '90776.125000'),
(34, 34, '93473.541667'),
(35, 35, '94836.041667'),
(36, 36, '98135.750000'),
(37, 37, '97687.875000'),
(38, 38, '94650.791667'),
(39, 39, '98355.500000'),
(40, 40, '106255.250000'),
(41, 41, '115280.625000'),
(42, 42, '120363.125000'),
(43, 43, '121540.833333'),
(44, 44, '121516.583333'),
(45, 45, '121525.291667'),
(46, 46, '122827.750000'),
(47, 47, '121546.458333'),
(48, 48, '123508.500000'),
(49, 49, '127770.541667'),
(50, 50, '127575.541667'),
(51, 51, '125646.500000'),
(52, 52, '121237.666667'),
(53, 53, '118818.250000'),
(54, 54, '121812.041667'),
(55, 55, NULL),
(56, 56, NULL),
(57, 57, NULL),
(58, 58, NULL),
(59, 59, NULL),
(60, 60, NULL),
(61, 61, NULL),
(62, 62, NULL),
(63, 63, NULL),
(64, 64, NULL),
(65, 65, NULL),
(66, 66, NULL),
(67, 67, '479.208333'),
(68, 68, '451.833333'),
(69, 69, '421.958333'),
(70, 70, '406.541667'),
(71, 71, '401.833333'),
(72, 72, '397.250000'),
(73, 73, '407.000000'),
(74, 74, '432.416667'),
(75, 75, '458.208333'),
(76, 76, '461.291667'),
(77, 77, '458.708333'),
(78, 78, '471.375000'),
(79, 79, '479.333333'),
(80, 80, '488.375000'),
(81, 81, '482.458333'),
(82, 82, '470.208333'),
(83, 83, '460.500000'),
(84, 84, '463.625000'),
(85, 85, '480.750000'),
(86, 86, '485.583333'),
(87, 87, '488.291667'),
(88, 88, '498.208333'),
(89, 89, '507.666667'),
(90, 90, '513.791667'),
(91, 91, '524.166667'),
(92, 92, '527.250000'),
(93, 93, '533.375000'),
(94, 94, '554.500000'),
(95, 95, '567.333333'),
(96, 96, '561.583333'),
(97, 97, '562.958333'),
(98, 98, '579.083333'),
(99, 99, '587.708333'),
(100, 100, '595.041667'),
(101, 101, '607.208333'),
(102, 102, '617.666667'),
(103, 103, '619.125000'),
(104, 104, '620.333333'),
(105, 105, '634.916667'),
(106, 106, '642.166667'),
(107, 107, '634.916667'),
(108, 108, '636.625000'),
(109, 109, '634.250000'),
(110, 110, '625.583333'),
(111, 111, '633.958333'),
(112, 112, '658.625000'),
(113, 113, '692.750000'),
(114, 114, '728.333333'),
(115, 115, NULL),
(116, 116, NULL),
(117, 117, NULL),
(118, 118, NULL),
(119, 119, NULL),
(120, 120, NULL),
(121, 121, NULL),
(122, 122, NULL),
(123, 123, NULL),
(124, 124, NULL),
(125, 125, NULL),
(126, 126, NULL),
(127, 127, '16686.083333'),
(128, 128, '16739.458333'),
(129, 129, '16718.750000'),
(130, 130, '16929.333333'),
(131, 131, '17122.958333'),
(132, 132, '16632.083333'),
(133, 133, '16567.250000'),
(134, 134, '17334.833333'),
(135, 135, '17813.000000'),
(136, 136, '18296.916667'),
(137, 137, '18464.500000'),
(138, 138, '18525.000000'),
(139, 139, '18758.416667'),
(140, 140, '18893.000000'),
(141, 141, '19114.083333'),
(142, 142, '19436.041667'),
(143, 143, '19721.041667'),
(144, 144, '20186.916667'),
(145, 145, '20241.041667'),
(146, 146, '19902.166667'),
(147, 147, '20045.500000'),
(148, 148, '20327.916667'),
(149, 149, '20902.750000'),
(150, 150, '21381.000000'),
(151, 151, '21289.375000'),
(152, 152, '21225.041667'),
(153, 153, '21345.625000'),
(154, 154, '21639.416667'),
(155, 155, '21792.666667'),
(156, 156, '22310.500000'),
(157, 157, '22941.625000'),
(158, 158, '23187.541667'),
(159, 159, '23533.291667'),
(160, 160, '23890.416667'),
(161, 161, '24244.625000'),
(162, 162, '24442.750000'),
(163, 163, '24581.291667'),
(164, 164, '24673.916667'),
(165, 165, '24602.041667'),
(166, 166, '24364.500000'),
(167, 167, '23479.250000'),
(168, 168, '23261.750000'),
(169, 169, '23786.750000'),
(170, 170, '23496.125000'),
(171, 171, '22970.875000'),
(172, 172, '22422.291667'),
(173, 173, '22141.750000'),
(174, 174, '22668.791667'),
(175, 175, NULL),
(176, 176, NULL),
(177, 177, NULL),
(178, 178, NULL),
(179, 179, NULL),
(180, 180, NULL),
(181, 181, NULL),
(182, 182, NULL),
(183, 183, NULL),
(184, 184, NULL),
(185, 185, NULL),
(186, 186, NULL),
(187, 187, '3528.458333'),
(188, 188, '3497.375000'),
(189, 189, '3530.541667'),
(190, 190, '3492.291667'),
(191, 191, '3516.916667'),
(192, 192, '3304.916667'),
(193, 193, '3129.708333'),
(194, 194, '3171.166667'),
(195, 195, '3164.875000'),
(196, 196, '3215.875000'),
(197, 197, '3294.458333'),
(198, 198, '3502.708333'),
(199, 199, '3785.500000'),
(200, 200, '3920.375000'),
(201, 201, '4003.333333'),
(202, 202, '4123.000000'),
(203, 203, '4244.208333'),
(204, 204, '4278.666667'),
(205, 205, '4878.250000'),
(206, 206, '5469.916667'),
(207, 207, '5477.333333'),
(208, 208, '5596.000000'),
(209, 209, '5666.625000'),
(210, 210, '5578.666667'),
(211, 211, '5450.791667'),
(212, 212, '5357.000000'),
(213, 213, '5271.541667'),
(214, 214, '5291.541667'),
(215, 215, '5197.166667'),
(216, 216, '5167.041667'),
(217, 217, '4689.666667'),
(218, 218, '4103.333333'),
(219, 219, '4088.208333'),
(220, 220, '3969.916667'),
(221, 221, '3956.500000'),
(222, 222, '3970.958333'),
(223, 223, '3836.750000'),
(224, 224, '3801.875000'),
(225, 225, '3826.666667'),
(226, 226, '3775.583333'),
(227, 227, '3653.583333'),
(228, 228, '3656.708333'),
(229, 229, '3684.833333'),
(230, 230, '3589.500000'),
(231, 231, '3527.958333'),
(232, 232, '3442.916667'),
(233, 233, '3297.750000'),
(234, 234, '3173.916667'),
(235, 235, NULL),
(236, 236, NULL),
(237, 237, NULL),
(238, 238, NULL),
(239, 239, NULL),
(240, 240, NULL),
(241, 241, NULL),
(242, 242, NULL),
(243, 243, NULL),
(244, 244, NULL),
(245, 245, NULL),
(246, 246, NULL),
(247, 247, '5013.708333'),
(248, 248, '4870.500000'),
(249, 249, '5003.666667'),
(250, 250, '5124.625000'),
(251, 251, '5233.291667'),
(252, 252, '5168.500000'),
(253, 253, '4591.958333'),
(254, 254, '4183.458333'),
(255, 255, '4218.125000'),
(256, 256, '4180.500000'),
(257, 257, '4209.333333'),
(258, 258, '4197.458333'),
(259, 259, '4194.666667'),
(260, 260, '4230.250000'),
(261, 261, '4144.083333'),
(262, 262, '4115.625000'),
(263, 263, '4104.000000'),
(264, 264, '4052.416667'),
(265, 265, '4682.083333'),
(266, 266, '5270.458333'),
(267, 267, '5117.458333'),
(268, 268, '5029.541667'),
(269, 269, '4980.208333'),
(270, 270, '4988.833333'),
(271, 271, '5088.208333'),
(272, 272, '5162.041667'),
(273, 273, '5165.041667'),
(274, 274, '5184.458333'),
(275, 275, '5247.000000'),
(276, 276, '6167.750000'),
(277, 277, '6429.375000'),
(278, 278, '5887.291667'),
(279, 279, '6057.625000'),
(280, 280, '6153.666667'),
(281, 281, '6310.000000'),
(282, 282, '6311.708333'),
(283, 283, '6149.500000'),
(284, 284, '6097.458333'),
(285, 285, '6107.708333'),
(286, 286, '6073.916667'),
(287, 287, '5879.750000'),
(288, 288, '4919.958333'),
(289, 289, '3813.000000'),
(290, 290, '3506.916667'),
(291, 291, '3472.250000'),
(292, 292, '3469.708333'),
(293, 293, '3443.583333'),
(294, 294, '3597.041667'),
(295, 295, NULL),
(296, 296, NULL),
(297, 297, NULL),
(298, 298, NULL),
(299, 299, NULL),
(300, 300, NULL),
(301, 301, NULL),
(302, 302, NULL),
(303, 303, NULL),
(304, 304, NULL),
(305, 305, NULL),
(306, 306, NULL),
(307, 307, '117.083333'),
(308, 308, '118.833333'),
(309, 309, '121.458333'),
(310, 310, '124.583333'),
(311, 311, '127.000000'),
(312, 312, '126.875000'),
(313, 313, '129.000000'),
(314, 314, '130.833333'),
(315, 315, '130.458333'),
(316, 316, '128.375000'),
(317, 317, '125.791667'),
(318, 318, '124.333333'),
(319, 319, '126.875000'),
(320, 320, '132.458333'),
(321, 321, '140.250000'),
(322, 322, '149.125000'),
(323, 323, '157.041667'),
(324, 324, '163.833333'),
(325, 325, '168.500000'),
(326, 326, '177.541667'),
(327, 327, '184.833333'),
(328, 328, '190.000000'),
(329, 329, '200.291667'),
(330, 330, '206.500000'),
(331, 331, '204.208333'),
(332, 332, '197.958333'),
(333, 333, '189.708333'),
(334, 334, '183.000000'),
(335, 335, '181.208333'),
(336, 336, '180.833333'),
(337, 337, '182.125000'),
(338, 338, '189.833333'),
(339, 339, '193.166667'),
(340, 340, '186.708333'),
(341, 341, '177.125000'),
(342, 342, '172.416667'),
(343, 343, '175.125000'),
(344, 344, '176.916667'),
(345, 345, '178.833333'),
(346, 346, '177.208333'),
(347, 347, '168.000000'),
(348, 348, '158.500000'),
(349, 349, '149.000000'),
(350, 350, '130.666667'),
(351, 351, '114.916667'),
(352, 352, '108.458333'),
(353, 353, '102.541667'),
(354, 354, '96.250000'),
(355, 355, NULL),
(356, 356, NULL),
(357, 357, NULL),
(358, 358, NULL),
(359, 359, NULL),
(360, 360, NULL);

--
-- Triggers `calculate_ctdma`
--
DELIMITER $$
CREATE TRIGGER `bi_calculate_ctdma` BEFORE INSERT ON `calculate_ctdma` FOR EACH ROW BEGIN
DECLARE id_sebelumnya int(10);
DECLARE COUNT_id int(10);
SELECT id_calculate_ctdma into id_sebelumnya from calculate_ctdma GROUP by id_calculate_ctdma DESC LIMIT 1;
SELECT COUNT(id_calculate_ctdma) INTO COUNT_id from calculate_ctdma;
if COUNT_id=0 THEN
set new.id_calculate_ctdma=1;
ELSE
set new.id_calculate_ctdma=id_sebelumnya+1;
END IF;
END
$$
DELIMITER ;

-- --------------------------------------------------------

--
-- Table structure for table `calculate_forecasting`
--

CREATE TABLE `calculate_forecasting` (
  `id_calculate_forecasting` int(4) NOT NULL,
  `id_data_pengunjung` int(4) DEFAULT NULL,
  `unadjusted` decimal(20,6) DEFAULT NULL,
  `adjusted` decimal(20,6) DEFAULT NULL,
  `error` decimal(20,6) DEFAULT NULL,
  `mad` decimal(20,6) DEFAULT NULL,
  `mape` decimal(20,6) DEFAULT NULL,
  `id_method_type` int(4) DEFAULT NULL
) ENGINE=InnoDB DEFAULT CHARSET=latin1;

--
-- Dumping data for table `calculate_forecasting`
--

INSERT INTO `calculate_forecasting` (`id_calculate_forecasting`, `id_data_pengunjung`, `unadjusted`, `adjusted`, `error`, `mad`, `mape`, `id_method_type`) VALUES
(1, 1, '42163.782394', '29510.813644', '31308.186356', '31308.186356', '0.514776', 1),
(2, 2, '43789.320420', '14598.445420', '17058.554580', '17058.554580', '0.538856', 1),
(3, 3, '45414.858446', '31079.212613', '1759.787387', '1759.787387', '0.053588', 1),
(4, 4, '47040.396472', '59891.167305', '-21779.167305', '21779.167305', '0.571452', 1),
(5, 5, '48665.934498', '27177.080331', '26998.919669', '26998.919669', '0.498356', 1),
(6, 6, '50291.472524', '72795.274607', '-21297.274607', '21297.274607', '0.413555', 1),
(7, 7, '51917.010550', '88993.145967', '-14806.145967', '14806.145967', '0.199579', 1),
(8, 8, '53542.548576', '27270.600659', '14421.399341', '14421.399341', '0.345903', 1),
(9, 9, '55168.086602', '58756.492852', '-7427.492852', '7427.492852', '0.144704', 1),
(10, 10, '56793.624628', '82824.291295', '-26150.291295', '26150.291295', '0.461416', 1),
(11, 11, '58419.162654', '55443.725154', '-3935.725154', '3935.725154', '0.076410', 1),
(12, 12, '60044.700680', '80148.398597', '2232.601403', '2232.601403', '0.027101', 1),
(13, 13, '61670.238706', '49017.269956', '9996.730044', '9996.730044', '0.169396', 1),
(14, 14, '63295.776732', '34104.901732', '13987.098268', '13987.098268', '0.290840', 1),
(15, 15, '64921.314758', '50585.668925', '3420.331075', '3420.331075', '0.063332', 1),
(16, 16, '66546.852784', '79397.623617', '-16219.623617', '16219.623617', '0.256729', 1),
(17, 17, '68172.390810', '46683.536643', '46492.463357', '46492.463357', '0.498975', 1),
(18, 18, '69797.928836', '92301.730919', '-73100.730919', '73100.730919', '3.807131', 1),
(19, 19, '71423.466862', '108499.602279', '622.397721', '622.397721', '0.005704', 1),
(20, 20, '73049.004888', '46777.056971', '6729.943029', '6729.943029', '0.125777', 1),
(21, 21, '74674.542914', '78262.949164', '-2128.949164', '2128.949164', '0.027963', 1),
(22, 22, '76300.080940', '102330.747607', '-1730.747607', '1730.747607', '0.017204', 1),
(23, 23, '77925.618966', '74950.181466', '-20701.181466', '20701.181466', '0.381596', 1),
(24, 24, '79551.156992', '99654.854909', '24680.145091', '24680.145091', '0.198497', 1),
(25, 25, '81176.695018', '68523.726268', '15362.273732', '15362.273732', '0.183133', 1),
(26, 26, '82802.233044', '53611.358044', '-408.358044', '408.358044', '0.007675', 1),
(27, 27, '84427.771070', '70092.125237', '-1708.125237', '1708.125237', '0.024978', 1),
(28, 28, '86053.309096', '98904.079929', '-9599.079929', '9599.079929', '0.107486', 1),
(29, 29, '87678.847122', '66189.992955', '26486.007045', '26486.007045', '0.285791', 1),
(30, 30, '89304.385148', '111808.187231', '-45801.187231', '45801.187231', '0.693884', 1),
(31, 31, '90929.923174', '128006.058591', '67979.941409', '67979.941409', '0.346861', 1),
(32, 32, '92555.461200', '66283.513283', '-8613.513283', '8613.513283', '0.149359', 1),
(33, 33, '94180.999226', '97769.405476', '-17936.405476', '17936.405476', '0.224674', 1),
(34, 34, '95806.537252', '121837.203919', '-34833.203919', '34833.203919', '0.400363', 1),
(35, 35, '97432.075278', '94456.637778', '-24689.637778', '24689.637778', '0.353887', 1),
(36, 36, '99057.613304', '119161.311221', '-15773.311221', '15773.311221', '0.152564', 1),
(37, 37, '100683.151330', '88030.182580', '-850.182580', '850.182580', '0.009752', 1),
(38, 38, '102308.689356', '73117.814356', '4816.185644', '4816.185644', '0.061798', 1),
(39, 39, '103934.227382', '89598.581549', '7144.418451', '7144.418451', '0.073849', 1),
(40, 40, '105559.765408', '118410.536241', '7273.463759', '7273.463759', '0.057871', 1),
(41, 41, '107185.303434', '85696.449267', '3300.550733', '3300.550733', '0.037086', 1),
(42, 42, '108810.841460', '131314.643543', '17564.356457', '17564.356457', '0.117977', 1),
(43, 43, '110436.379486', '147512.514903', '-45147.514903', '45147.514903', '0.441044', 1),
(44, 44, '112061.917512', '85789.969595', '-7388.969595', '7388.969595', '0.094246', 1),
(45, 45, '113687.455538', '117275.861788', '30739.138212', '30739.138212', '0.207676', 1),
(46, 46, '115312.993564', '141343.660231', '67072.339769', '67072.339769', '0.321820', 1),
(47, 47, '116938.531590', '113963.094090', '51000.905910', '51000.905910', '0.309164', 1),
(48, 48, '118564.069616', '138667.767533', '-8496.767533', '8496.767533', '0.065274', 1),
(49, 49, '120189.607642', '107536.638892', '-18874.638892', '18874.638892', '0.212883', 1),
(50, 50, '121815.145668', '92624.270668', '-16754.270668', '16754.270668', '0.220829', 1),
(51, 51, '123440.683694', '109105.037861', '-10089.037861', '10089.037861', '0.101893', 1),
(52, 52, '125066.221720', '137916.992553', '16753.007447', '16753.007447', '0.108315', 1),
(53, 53, '126691.759746', '105202.905579', '-75942.905579', '75942.905579', '2.595451', 1),
(54, 54, '128317.297772', '150821.099855', '104883.900145', '104883.900145', '0.410175', 1),
(55, 55, '129942.835798', '167018.971215', '-69190.971215', '69190.971215', '0.707272', 1),
(56, 56, '131568.373824', '105296.425907', '-27038.425907', '27038.425907', '0.345504', 1),
(57, 57, '133193.911850', '136782.318100', '-34921.318100', '34921.318100', '0.342833', 1),
(58, 58, '134819.449876', '160850.116543', '-12092.116543', '12092.116543', '0.081287', 1),
(59, 59, '136444.987902', '133469.550402', '33086.449598', '33086.449598', '0.198651', 1),
(60, 60, '138070.525928', '158174.223845', '42255.776155', '42255.776155', '0.210826', 1),
(61, 1, '42512.211813', '37974.160739', '22844.839261', '22844.839261', '0.375620', 2),
(62, 2, '44122.899133', '30941.888983', '715.111017', '715.111017', '0.022589', 2),
(63, 3, '45733.586453', '38904.189988', '-6065.189988', '6065.189988', '0.184695', 2),
(64, 4, '47344.273773', '52462.189768', '-14350.189768', '14350.189768', '0.376527', 2),
(65, 5, '48954.961093', '42166.376638', '12009.623362', '12009.623362', '0.221678', 2),
(66, 6, '50565.648413', '55134.810969', '-3636.810969', '3636.810969', '0.070620', 2),
(67, 7, '52176.335733', '78488.340080', '-4301.340080', '4301.340080', '0.057980', 2),
(68, 8, '53787.023053', '37843.527467', '3848.472533', '3848.472533', '0.092307', 2),
(69, 9, '55397.710373', '56318.420319', '-4989.420319', '4989.420319', '0.097205', 2),
(70, 10, '57008.397693', '70668.578923', '-13994.578923', '13994.578923', '0.246931', 2),
(71, 11, '58619.085013', '53793.444697', '-2285.444697', '2285.444697', '0.044371', 2),
(72, 12, '60229.772333', '76379.241418', '6001.758582', '6001.758582', '0.072854', 2),
(73, 13, '61840.459653', '55239.176106', '3774.823894', '3774.823894', '0.063965', 2),
(74, 14, '63451.146973', '44496.132033', '3595.867967', '3595.867967', '0.074771', 2),
(75, 15, '65061.834293', '55346.150578', '-1340.150578', '1340.150578', '0.024815', 2),
(76, 16, '66672.521613', '73879.821199', '-10701.821199', '10701.821199', '0.169392', 2),
(77, 17, '68283.208933', '58814.376350', '34361.623650', '34361.623650', '0.368782', 2),
(78, 18, '69893.896253', '76209.578612', '-57008.578612', '57008.578612', '2.969042', 2),
(79, 19, '71504.583573', '107563.630023', '1558.369977', '1558.369977', '0.014281', 2),
(80, 20, '73115.270893', '51442.515410', '2064.484590', '2064.484590', '0.038583', 2),
(81, 21, '74725.958213', '75967.903639', '166.096361', '166.096361', '0.002182', 2),
(82, 22, '76336.645533', '94628.203526', '5971.796474', '5971.796474', '0.059362', 2),
(83, 23, '77947.332853', '71530.552518', '-17281.552518', '17281.552518', '0.318560', 2),
(84, 24, '79558.020173', '100889.991680', '23445.008320', '23445.008320', '0.188563', 2),
(85, 25, '81168.707493', '72504.191474', '11381.808526', '11381.808526', '0.135682', 2),
(86, 26, '82779.394813', '58050.375083', '-4847.375083', '4847.375083', '0.091111', 2),
(87, 27, '84390.082133', '71788.111168', '-3404.111168', '3404.111168', '0.049779', 2),
(88, 28, '86000.769453', '95297.452631', '-5992.452631', '5992.452631', '0.067101', 2),
(89, 29, '87611.456773', '75462.376062', '17213.623938', '17213.623938', '0.185740', 2),
(90, 30, '89222.144093', '97284.346255', '-31277.346255', '31277.346255', '0.473849', 2),
(91, 31, '90832.831413', '136638.919966', '59347.080034', '59347.080034', '0.302813', 2),
(92, 32, '92443.518733', '65041.503354', '-7371.503354', '7371.503354', '0.127822', 2),
(93, 33, '94054.206053', '95617.386958', '-15784.386958', '15784.386958', '0.197718', 2),
(94, 34, '95664.893373', '118587.828128', '-31583.828128', '31583.828128', '0.363016', 2),
(95, 35, '97275.580693', '89267.660339', '-19500.660339', '19500.660339', '0.279511', 2),
(96, 36, '98886.268013', '125400.741942', '-22012.741942', '22012.741942', '0.212914', 2),
(97, 37, '100496.955333', '89769.206842', '-2589.206842', '2589.206842', '0.029700', 2),
(98, 38, '102107.642653', '71604.618133', '6329.381867', '6329.381867', '0.081215', 2),
(99, 39, '103718.329973', '88230.071758', '8512.928242', '8512.928242', '0.087995', 2),
(100, 40, '105329.017293', '116715.084062', '8968.915938', '8968.915938', '0.071361', 2),
(101, 41, '106939.704613', '92110.375774', '-3113.375774', '3113.375774', '0.034983', 2),
(102, 42, '108550.391933', '118359.113898', '30519.886102', '30519.886102', '0.204998', 2),
(103, 43, '110161.079253', '165714.209910', '-63349.209909', '63349.209909', '0.618856', 2),
(104, 44, '111771.766573', '78640.491297', '-239.491297', '239.491297', '0.003055', 2),
(105, 45, '113382.453893', '115266.870277', '32748.129723', '32748.129723', '0.221249', 2),
(106, 46, '114993.141213', '142547.452731', '65868.547269', '65868.547269', '0.316044', 2),
(107, 47, '116603.828533', '107004.768161', '57959.231839', '57959.231839', '0.351345', 2),
(108, 48, '118214.515853', '149911.492203', '-19740.492203', '19740.492203', '0.151650', 2),
(109, 49, '119825.203173', '107034.222210', '-18372.222210', '18372.222210', '0.207216', 2),
(110, 50, '121435.890493', '85158.861182', '-9288.861182', '9288.861182', '0.122431', 2),
(111, 51, '123046.577813', '104672.032348', '-5656.032348', '5656.032348', '0.057122', 2),
(112, 52, '124657.265133', '138132.715494', '16537.284506', '16537.284506', '0.106920', 2),
(113, 53, '126267.952453', '108758.375486', '-79498.375486', '79498.375486', '2.716964', 2),
(114, 54, '127878.639773', '139433.881542', '116271.118458', '116271.118458', '0.454708', 2),
(115, 55, '129489.327093', '194789.499853', '-96961.499853', '96961.499853', '0.991143', 2),
(116, 56, '131100.014413', '92239.479241', '-13981.479241', '13981.479241', '0.178659', 2),
(117, 57, '132710.701733', '134916.353596', '-33055.353596', '33055.353596', '0.324514', 2),
(118, 58, '134321.389053', '166507.077334', '-17749.077334', '17749.077334', '0.119315', 2),
(119, 59, '135932.076373', '124741.875982', '41814.124018', '41814.124018', '0.251051', 2),
(120, 60, '137542.763693', '174422.242465', '26007.757535', '26007.757535', '0.129760', 2),
(121, 61, '425.508879', '438.019296', '221.980704', '221.980704', '0.336334', 1),
(122, 62, '431.005382', '388.588715', '423.411285', '423.411285', '0.521442', 1),
(123, 63, '436.501885', '403.710218', '444.289782', '444.289782', '0.523927', 1),
(124, 64, '441.998388', '473.956721', '66.043279', '66.043279', '0.122302', 1),
(125, 65, '447.494891', '272.411558', '341.588442', '341.588442', '0.556333', 1),
(126, 66, '452.991394', '233.199727', '19.800273', '19.800273', '0.078262', 1),
(127, 67, '458.487897', '438.779564', '-267.779564', '267.779564', '1.565962', 1),
(128, 68, '463.984400', '458.536483', '-219.536483', '219.536483', '0.918563', 1),
(129, 69, '469.480903', '451.303820', '-222.303820', '222.303820', '0.970759', 1),
(130, 70, '474.977406', '610.123239', '95.876761', '95.876761', '0.135803', 1),
(131, 71, '480.473909', '514.828076', '-156.828076', '156.828076', '0.438067', 1),
(132, 72, '485.970412', '578.949579', '-142.949579', '142.949579', '0.327866', 1),
(133, 73, '491.466915', '503.977332', '-74.977332', '74.977332', '0.174772', 1),
(134, 74, '496.963418', '454.546751', '-68.546751', '68.546751', '0.177582', 1),
(135, 75, '502.459921', '469.668254', '87.331746', '87.331746', '0.156789', 1),
(136, 76, '507.956424', '539.914757', '-78.914757', '78.914757', '0.171182', 1),
(137, 77, '513.452927', '338.369594', '241.630406', '241.630406', '0.416604', 1),
(138, 78, '518.949430', '299.157763', '-122.157763', '122.157763', '0.690157', 1),
(139, 79, '524.445933', '504.737600', '-23.737600', '23.737600', '0.049351', 1),
(140, 80, '529.942436', '524.494519', '14.505481', '14.505481', '0.026912', 1),
(141, 81, '535.438939', '517.261856', '30.738144', '30.738144', '0.056092', 1),
(142, 82, '540.935442', '676.081275', '-215.081275', '215.081275', '0.466554', 1),
(143, 83, '546.431945', '580.786112', '-39.786112', '39.786112', '0.073542', 1),
(144, 84, '551.928448', '644.907615', '-87.907615', '87.907615', '0.157823', 1),
(145, 85, '557.424951', '569.935368', '-70.935368', '70.935368', '0.142155', 1),
(146, 86, '562.921454', '520.504787', '12.495213', '12.495213', '0.023443', 1),
(147, 87, '568.417957', '535.626290', '-267.626290', '267.626290', '0.998606', 1),
(148, 88, '573.914460', '605.872793', '-149.872793', '149.872793', '0.328668', 1),
(149, 89, '579.410963', '404.327630', '-52.327630', '52.327630', '0.148658', 1),
(150, 90, '584.907466', '365.115799', '114.884201', '114.884201', '0.239342', 1),
(151, 91, '590.403969', '570.695636', '18.304364', '18.304364', '0.031077', 1),
(152, 92, '595.900472', '590.452555', '-43.452555', '43.452555', '0.079438', 1),
(153, 93, '601.396975', '583.219892', '21.780108', '21.780108', '0.036000', 1),
(154, 94, '606.893478', '742.039311', '-100.039311', '100.039311', '0.155824', 1),
(155, 95, '612.389981', '646.744148', '-59.744148', '59.744148', '0.101779', 1),
(156, 96, '617.886484', '710.865651', '-52.865651', '52.865651', '0.080343', 1),
(157, 97, '623.382987', '635.893404', '11.106596', '11.106596', '0.017166', 1),
(158, 98, '628.879490', '586.462823', '-127.462823', '127.462823', '0.277697', 1),
(159, 99, '634.375993', '601.584326', '-112.584326', '112.584326', '0.230234', 1),
(160, 100, '639.872496', '671.830829', '70.169171', '70.169171', '0.094568', 1),
(161, 101, '645.368999', '470.285666', '-96.285666', '96.285666', '0.257448', 1),
(162, 102, '650.865502', '431.073835', '-111.073835', '111.073835', '0.347106', 1),
(163, 103, '656.362005', '636.653672', '145.346328', '145.346328', '0.185865', 1),
(164, 104, '661.858508', '656.410591', '84.589409', '84.589409', '0.114156', 1),
(165, 105, '667.355011', '649.177928', '-31.177928', '31.177928', '0.050450', 1),
(166, 106, '672.851514', '807.997347', '-2.997347', '2.997347', '0.003723', 1),
(167, 107, '678.348017', '712.702184', '3.297816', '3.297816', '0.004606', 1),
(168, 108, '683.844520', '776.823687', '3.176313', '3.176313', '0.004072', 1),
(169, 109, '689.341023', '701.851440', '-141.851440', '141.851440', '0.253306', 1),
(170, 110, '694.837526', '652.420859', '-77.420859', '77.420859', '0.134645', 1),
(171, 111, '700.334029', '667.542362', '55.457638', '55.457638', '0.076705', 1),
(172, 112, '705.830532', '737.788865', '-55.788865', '55.788865', '0.081802', 1),
(173, 113, '711.327035', '536.243702', '-276.243702', '276.243702', '1.062476', 1),
(174, 114, '716.823538', '497.031871', '-22.031871', '22.031871', '0.046383', 1),
(175, 115, '722.320041', '702.611708', '-132.611708', '132.611708', '0.232652', 1),
(176, 116, '727.816544', '722.368627', '22.631373', '22.631373', '0.030378', 1),
(177, 117, '733.313047', '715.135964', '99.864036', '99.864036', '0.122533', 1),
(178, 118, '738.809550', '873.955383', '326.044617', '326.044617', '0.271704', 1),
(179, 119, '744.306053', '778.660220', '361.339780', '361.339780', '0.316965', 1),
(180, 120, '749.802556', '842.781723', '367.218277', '367.218277', '0.303486', 1),
(181, 61, '434.440179', '447.933457', '212.066543', '212.066543', '0.321313', 2),
(182, 62, '439.559980', '406.821553', '405.178447', '405.178447', '0.498988', 2),
(183, 63, '444.679781', '415.437194', '432.562806', '432.562806', '0.510098', 2),
(184, 64, '449.799582', '471.964806', '68.035194', '68.035194', '0.125991', 2),
(185, 65, '454.919383', '335.393864', '278.606136', '278.606136', '0.453756', 2),
(186, 66, '460.039184', '285.221994', '-32.221994', '32.221994', '0.127360', 2),
(187, 67, '465.158985', '435.746517', '-264.746517', '264.746517', '1.548225', 2),
(188, 68, '470.278786', '454.359379', '-215.359379', '215.359379', '0.901085', 2),
(189, 69, '475.398587', '449.988533', '-220.988533', '220.988533', '0.965015', 2),
(190, 70, '480.518388', '616.070703', '89.929297', '89.929297', '0.127379', 2),
(191, 71, '485.638189', '513.331707', '-155.331707', '155.331707', '0.433887', 2),
(192, 72, '490.757990', '576.131231', '-140.131231', '140.131231', '0.321402', 2),
(193, 73, '495.877791', '511.279259', '-82.279259', '82.279259', '0.191793', 2),
(194, 74, '500.997592', '463.683291', '-77.683291', '77.683291', '0.201252', 2),
(195, 75, '506.117393', '472.834607', '84.165393', '84.165393', '0.151105', 2),
(196, 76, '511.237194', '536.429940', '-75.429940', '75.429940', '0.163622', 2),
(197, 77, '516.356995', '380.689358', '199.310642', '199.310642', '0.343639', 2),
(198, 78, '521.476796', '323.313006', '-146.313006', '146.313006', '0.826627', 2),
(199, 79, '526.596597', '493.299368', '-12.299368', '12.299368', '0.025570', 2),
(200, 80, '531.716398', '513.717266', '25.282734', '25.282734', '0.046907', 2),
(201, 81, '536.836199', '508.142304', '39.857696', '39.857696', '0.072733', 2),
(202, 82, '541.956000', '694.839620', '-233.839620', '233.839620', '0.507244', 2),
(203, 83, '547.075801', '578.272799', '-37.272799', '37.272799', '0.068896', 2),
(204, 84, '552.195602', '648.256653', '-91.256653', '91.256653', '0.163836', 2),
(205, 85, '557.315403', '574.625062', '-75.625062', '75.625062', '0.151553', 2),
(206, 86, '562.435204', '520.545030', '12.454970', '12.454970', '0.023368', 2),
(207, 87, '567.555005', '530.232020', '-262.232020', '262.232020', '0.978478', 2),
(208, 88, '572.674806', '600.895075', '-144.895075', '144.895075', '0.317752', 2),
(209, 89, '577.794607', '425.984852', '-73.984852', '73.984852', '0.210184', 2),
(210, 90, '582.914408', '361.404018', '118.595982', '118.595982', '0.247075', 2),
(211, 91, '588.034209', '550.852218', '38.147782', '38.147782', '0.064767', 2),
(212, 92, '593.154010', '573.075154', '-26.075154', '26.075154', '0.047669', 2),
(213, 93, '598.273811', '566.296076', '38.703924', '38.703924', '0.063973', 2),
(214, 94, '603.393612', '773.608536', '-131.608536', '131.608536', '0.204998', 2),
(215, 95, '608.513413', '643.213890', '-56.213890', '56.213890', '0.095765', 2),
(216, 96, '613.633214', '720.382075', '-62.382075', '62.382075', '0.094806', 2),
(217, 97, '618.753015', '637.970865', '9.029135', '9.029135', '0.013955', 2),
(218, 98, '623.872816', '577.406769', '-118.406769', '118.406769', '0.257967', 2),
(219, 99, '628.992617', '587.629434', '-98.629434', '98.629434', '0.201696', 2),
(220, 100, '634.112418', '665.360210', '76.639790', '76.639790', '0.103288', 2),
(221, 101, '639.232219', '471.280346', '-97.280346', '97.280346', '0.260108', 2),
(222, 102, '644.352020', '399.495031', '-79.495031', '79.495031', '0.248422', 2),
(223, 103, '649.471821', '608.405068', '173.594932', '173.594932', '0.221988', 2),
(224, 104, '654.591622', '632.433041', '108.566959', '108.566959', '0.146514', 2),
(225, 105, '659.711423', '624.449847', '-6.449847', '6.449847', '0.010437', 2),
(226, 106, '664.831224', '852.377453', '-47.377453', '47.377453', '0.058854', 2),
(227, 107, '669.951025', '708.154982', '7.845018', '7.845018', '0.010957', 2),
(228, 108, '675.070826', '792.507497', '-12.507497', '12.507497', '0.016035', 2),
(229, 109, '680.190627', '701.316668', '-141.316668', '141.316668', '0.252351', 2),
(230, 110, '685.310428', '634.268507', '-59.268507', '59.268507', '0.103076', 2),
(231, 111, '690.430229', '645.026847', '77.973153', '77.973153', '0.107847', 2),
(232, 112, '695.550030', '729.825344', '-47.825344', '47.825344', '0.070125', 2),
(233, 113, '700.669831', '516.575840', '-256.575840', '256.575840', '0.986830', 2),
(234, 114, '705.789632', '437.586043', '37.413957', '37.413957', '0.078766', 2),
(235, 115, '710.909433', '665.957919', '-95.957919', '95.957919', '0.168347', 2),
(236, 116, '716.029234', '691.790928', '53.209072', '53.209072', '0.071422', 2),
(237, 117, '721.149035', '682.603619', '132.396381', '132.396381', '0.162450', 2),
(238, 118, '726.268836', '931.146370', '268.853630', '268.853630', '0.224045', 2),
(239, 119, '731.388637', '773.096074', '366.903926', '366.903926', '0.321846', 2),
(240, 120, '736.508438', '864.632919', '345.367081', '345.367081', '0.285427', 2),
(241, 121, '16212.653331', '13921.236664', '1282.763336', '1282.763336', '0.084370', 1),
(242, 122, '16371.095768', '11701.429101', '4510.570899', '4510.570899', '0.278224', 1),
(243, 123, '16529.538205', '14599.621538', '161.378462', '161.378462', '0.010933', 1),
(244, 124, '16687.980642', '21817.345225', '-4003.345225', '4003.345225', '0.224730', 1),
(245, 125, '16846.423079', '12927.766829', '6837.233171', '6837.233171', '0.345926', 1),
(246, 126, '17004.865516', '15248.480099', '990.519901', '990.519901', '0.060996', 1),
(247, 127, '17163.307953', '16540.266286', '-1903.266286', '1903.266286', '0.130031', 1),
(248, 128, '17321.750390', '14351.646223', '-3095.646223', '3095.646223', '0.275022', 1),
(249, 129, '17480.192827', '19105.817827', '-3279.817827', '3279.817827', '0.207242', 1),
(250, 130, '17638.635264', '22564.812347', '-5043.812347', '5043.812347', '0.287872', 1),
(251, 131, '17797.077701', '18694.348534', '-1310.348534', '1310.348534', '0.075377', 1),
(252, 132, '17955.520138', '23231.207638', '-1332.207638', '1332.207638', '0.060834', 1),
(253, 133, '18113.962575', '15822.545908', '2811.454092', '2811.454092', '0.150878', 1),
(254, 134, '18272.405012', '13602.738345', '460.261655', '460.261655', '0.032729', 1),
(255, 135, '18430.847449', '16500.930782', '-87.930782', '87.930782', '0.005357', 1),
(256, 136, '18589.289886', '23718.654469', '-2502.654469', '2502.654469', '0.117961', 1),
(257, 137, '18747.732323', '14829.076073', '6180.923927', '6180.923927', '0.294190', 1),
(258, 138, '18906.174760', '17149.789343', '-13936.789343', '13936.789343', '4.337625', 1),
(259, 139, '19064.617197', '18441.575530', '7665.424470', '7665.424470', '0.293616', 1),
(260, 140, '19223.059634', '16252.955467', '1955.044533', '1955.044533', '0.107373', 1),
(261, 141, '19381.502071', '21007.127071', '-657.127071', '657.127071', '0.032291', 1),
(262, 142, '19539.944508', '24466.121591', '144.878409', '144.878409', '0.005887', 1),
(263, 143, '19698.386945', '20595.657778', '-6279.657778', '6279.657778', '0.438646', 1),
(264, 144, '19856.829382', '25132.516882', '1286.483118', '1286.483118', '0.048695', 1),
(265, 145, '20015.271819', '17723.855152', '1992.144848', '1992.144848', '0.101042', 1),
(266, 146, '20173.714256', '15504.047589', '706.952411', '706.952411', '0.043609', 1),
(267, 147, '20332.156693', '18402.240026', '1168.759974', '1168.759974', '0.059719', 1),
(268, 148, '20490.599130', '25619.963713', '165.036287', '165.036287', '0.006400', 1),
(269, 149, '20649.041567', '16730.385317', '6550.614683', '6550.614683', '0.281372', 1),
(270, 150, '20807.484004', '19051.098587', '-6928.098587', '6928.098587', '0.571484', 1),
(271, 151, '20965.926441', '20342.884774', '-1846.884774', '1846.884774', '0.099853', 1),
(272, 152, '21124.368878', '18154.264711', '-468.264711', '468.264711', '0.026477', 1),
(273, 153, '21282.811315', '22908.436315', '1403.563685', '1403.563685', '0.057731', 1),
(274, 154, '21441.253752', '26367.430835', '1059.569165', '1059.569165', '0.038632', 1),
(275, 155, '21599.696189', '22496.967022', '2799.032978', '2799.032978', '0.110651', 1),
(276, 156, '21758.138626', '27033.826126', '-116.826126', '116.826126', '0.004340', 1),
(277, 157, '21916.581063', '19625.164396', '-2606.164396', '2606.164396', '0.153133', 1),
(278, 158, '22075.023500', '17405.356833', '-41.356833', '41.356833', '0.002382', 1),
(279, 159, '22233.465937', '20303.549270', '1008.450730', '1008.450730', '0.047318', 1),
(280, 160, '22391.908374', '27521.272957', '3573.727043', '3573.727043', '0.114929', 1),
(281, 161, '22550.350811', '18631.694561', '3017.305439', '3017.305439', '0.139374', 1),
(282, 162, '22708.793248', '20952.407831', '5230.592169', '5230.592169', '0.199771', 1),
(283, 163, '22867.235685', '22244.194018', '-2661.194018', '2661.194018', '0.135893', 1),
(284, 164, '23025.678122', '20055.573955', '2445.426045', '2445.426045', '0.108681', 1),
(285, 165, '23184.120559', '24809.745559', '2985.254441', '2985.254441', '0.107403', 1),
(286, 166, '23342.562996', '28268.740079', '4246.259921', '4246.259921', '0.130594', 1),
(287, 167, '23501.005433', '24398.276266', '4310.723734', '4310.723734', '0.150152', 1),
(288, 168, '23659.447870', '28935.135370', '-676.135370', '676.135370', '0.023926', 1),
(289, 169, '23817.890307', '21526.473640', '-2524.473640', '2524.473640', '0.132853', 1),
(290, 170, '23976.332744', '19306.666077', '-1702.666077', '1702.666077', '0.096720', 1),
(291, 171, '24134.775181', '22204.858514', '-2857.858514', '2857.858514', '0.147716', 1),
(292, 172, '24293.217618', '29422.582201', '-2063.582201', '2063.582201', '0.075426', 1),
(293, 173, '24451.660055', '20533.003805', '-16394.003805', '16394.003805', '3.960861', 1),
(294, 174, '24610.102492', '22853.717075', '15619.282925', '15619.282925', '0.405980', 1),
(295, 175, '24768.544929', '24145.503262', '-4252.503262', '4252.503262', '0.213769', 1),
(296, 176, '24926.987366', '21956.883199', '-6740.883199', '6740.883199', '0.443013', 1),
(297, 177, '25085.429803', '26711.054803', '-4237.054803', '4237.054803', '0.188531', 1),
(298, 178, '25243.872240', '30170.049323', '-5500.049323', '5500.049323', '0.222945', 1),
(299, 179, '25402.314677', '26299.585510', '3521.414490', '3521.414490', '0.118085', 1),
(300, 180, '25560.757114', '30836.444614', '8959.555386', '8959.555386', '0.225137', 1),
(301, 121, '16416.781167', '14937.202348', '266.797652', '266.797652', '0.017548', 2),
(302, 122, '16568.470237', '12939.445064', '3272.554936', '3272.554936', '0.201860', 2),
(303, 123, '16720.159307', '15238.703032', '-477.703032', '477.703032', '0.032363', 2),
(304, 124, '16871.848377', '20877.781953', '-3063.781953', '3063.781953', '0.171987', 2),
(305, 125, '17023.537447', '14178.512798', '5586.487202', '5586.487202', '0.282645', 2),
(306, 126, '17175.226517', '15066.177402', '1172.822598', '1172.822598', '0.072223', 2),
(307, 127, '17326.915587', '17042.754171', '-2405.754171', '2405.754171', '0.164361', 2),
(308, 128, '17478.604657', '14775.381139', '-3519.381139', '3519.381139', '0.312667', 2),
(309, 129, '17630.293727', '18864.484809', '-3038.484809', '3038.484809', '0.191993', 2),
(310, 130, '17781.982797', '21797.083385', '-4276.083385', '4276.083385', '0.244055', 2),
(311, 131, '17933.671867', '18492.610618', '-1108.610618', '1108.610618', '0.063772', 2),
(312, 132, '18085.360937', '22817.811589', '-918.811589', '918.811589', '0.041957', 2),
(313, 133, '18237.050007', '16593.417638', '2040.582362', '2040.582362', '0.109509', 2),
(314, 134, '18388.739077', '14361.016779', '-298.016779', '298.016779', '0.021192', 2),
(315, 135, '18540.428147', '16897.690592', '-484.690592', '484.690592', '0.029531', 2),
(316, 136, '18692.117217', '23130.242684', '-1914.242684', '1914.242684', '0.090226', 2),
(317, 137, '18843.806287', '15694.572849', '5315.427151', '5315.427151', '0.252995', 2),
(318, 138, '18995.495357', '16662.924509', '-13449.924509', '13449.924509', '4.186095', 2),
(319, 139, '19147.184427', '18833.170602', '7273.829398', '7273.829398', '0.278616', 2),
(320, 140, '19298.873497', '16314.129021', '1893.870979', '1893.870979', '0.104013', 2),
(321, 141, '19450.562567', '20812.179749', '-462.179749', '462.179749', '0.022712', 2),
(322, 142, '19602.251637', '24028.361648', '582.638352', '582.638352', '0.023674', 2),
(323, 143, '19753.940707', '20369.611777', '-6053.611777', '6053.611777', '0.422856', 2),
(324, 144, '19905.629777', '25114.395638', '1304.604362', '1304.604362', '0.049381', 2),
(325, 145, '20057.318847', '18249.632929', '1466.367071', '1466.367071', '0.074374', 2),
(326, 146, '20209.007917', '15782.588495', '428.411505', '428.411505', '0.026427', 2),
(327, 147, '20360.696987', '18556.678152', '1014.321848', '1014.321848', '0.051828', 2),
(328, 148, '20512.386057', '25382.703416', '402.296584', '402.296584', '0.015602', 2),
(329, 149, '20664.075127', '17210.632900', '6070.367100', '6070.367100', '0.260743', 2),
(330, 150, '20815.764197', '18259.671617', '-6136.671617', '6136.671617', '0.506201', 2),
(331, 151, '20967.453267', '20623.587033', '-2127.587033', '2127.587033', '0.115030', 2),
(332, 152, '21119.142337', '17852.876902', '-166.876902', '166.876902', '0.009436', 2),
(333, 153, '21270.831407', '22759.874689', '1552.125311', '1552.125311', '0.063842', 2),
(334, 154, '21422.520477', '26259.639911', '1167.360089', '1167.360089', '0.042562', 2),
(335, 155, '21574.209547', '22246.612936', '3049.387064', '3049.387064', '0.120548', 2),
(336, 156, '21725.898617', '27410.979686', '-493.979686', '493.979686', '0.018352', 2),
(337, 157, '21877.587687', '19905.848219', '-2886.848219', '2886.848219', '0.169625', 2),
(338, 158, '22029.276757', '17204.160210', '159.839790', '159.839790', '0.009205', 2),
(339, 159, '22180.965827', '20215.665712', '1096.334288', '1096.334288', '0.051442', 2),
(340, 160, '22332.654897', '27635.164147', '3459.835853', '3459.835853', '0.111267', 2),
(341, 161, '22484.343967', '18726.692950', '2922.307050', '2922.307050', '0.134986', 2),
(342, 162, '22636.033037', '19856.418724', '6326.581276', '6326.581276', '0.241629', 2),
(343, 163, '22787.722107', '22414.003464', '-2831.003464', '2831.003464', '0.144564', 2),
(344, 164, '22939.411177', '19391.624784', '3109.375216', '3109.375216', '0.138188', 2),
(345, 165, '23091.100247', '24707.569629', '3087.430371', '3087.430371', '0.111079', 2),
(346, 166, '23242.789317', '28490.918174', '4024.081826', '4024.081826', '0.123761', 2),
(347, 167, '23394.478387', '24123.614095', '4585.385905', '4585.385905', '0.159719', 2),
(348, 168, '23546.167457', '29707.563734', '-1448.563734', '1448.563734', '0.051260', 2),
(349, 169, '23697.856527', '21562.063510', '-2560.063510', '2560.063510', '0.134726', 2),
(350, 170, '23849.545597', '18625.731926', '-1021.731926', '1021.731926', '0.058040', 2),
(351, 171, '24001.234667', '21874.653272', '-2527.653272', '2527.653272', '0.130648', 2),
(352, 172, '24152.923737', '29887.624879', '-2528.624879', '2528.624879', '0.092424', 2),
(353, 173, '24304.612807', '20242.753001', '-16103.753001', '16103.753001', '3.890735', 2),
(354, 174, '24456.301877', '21453.165832', '17019.834168', '17019.834168', '0.442384', 2),
(355, 175, '24607.990947', '24204.419895', '-4311.419895', '4311.419895', '0.216731', 2),
(356, 176, '24759.680017', '20930.372665', '-5714.372665', '5714.372665', '0.375550', 2),
(357, 177, '24911.369087', '26655.264569', '-4181.264569', '4181.264569', '0.186049', 2),
(358, 178, '25063.058157', '30722.196437', '-6052.196437', '6052.196437', '0.245326', 2),
(359, 179, '25214.747227', '26000.615254', '3820.384746', '3820.384746', '0.128111', 2),
(360, 180, '25366.436297', '32004.147782', '7791.852218', '7791.852218', '0.195795', 2),
(361, 181, '4202.181130', '4112.066547', '1331.933453', '1331.933453', '0.244661', 1),
(362, 182, '4194.922924', '3637.943757', '-1896.943757', '1896.943757', '1.089571', 1),
(363, 183, '4187.664718', '3244.070968', '249.929032', '249.929032', '0.071531', 1),
(364, 184, '4180.406512', '4960.729429', '-1666.729429', '1666.729429', '0.505990', 1),
(365, 185, '4173.148306', '4457.064973', '514.935027', '514.935027', '0.103567', 1),
(366, 186, '4165.890100', '2462.077600', '4066.922400', '4066.922400', '0.622901', 1),
(367, 187, '4158.631894', '7874.006894', '-5016.006894', '5016.006894', '1.755076', 1),
(368, 188, '4151.373688', '2984.717438', '672.282562', '672.282562', '0.183834', 1),
(369, 189, '4144.115482', '3371.594648', '-550.594648', '550.594648', '0.195177', 1),
(370, 190, '4136.857276', '4429.003109', '-1034.003109', '1034.003109', '0.304566', 1),
(371, 191, '4129.599070', '2891.380320', '-1090.380320', '1090.380320', '0.605430', 1),
(372, 192, '4122.340864', '5283.507531', '-1686.507531', '1686.507531', '0.468865', 1),
(373, 193, '4115.082658', '4024.968075', '-1103.968075', '1103.968075', '0.377942', 1),
(374, 194, '4107.824452', '3550.845285', '-32.845285', '32.845285', '0.009336', 1),
(375, 195, '4100.566246', '3156.972496', '-643.972496', '643.972496', '0.256256', 1),
(376, 196, '4093.308040', '4873.630957', '-1516.630957', '1516.630957', '0.451782', 1),
(377, 197, '4086.049834', '4369.966501', '1130.033499', '1130.033499', '0.205461', 1),
(378, 198, '4078.791628', '2374.979128', '-1461.979128', '1461.979128', '1.601291', 1),
(379, 199, '4071.533422', '7786.908422', '-3517.908422', '3517.908422', '0.824059', 1),
(380, 200, '4064.275216', '2897.618966', '343.381034', '343.381034', '0.105949', 1),
(381, 201, '4057.017010', '3284.496176', '-198.496176', '198.496176', '0.064322', 1),
(382, 202, '4049.758804', '4341.904637', '12.095363', '12.095363', '0.002778', 1),
(383, 203, '4042.500598', '2804.281848', '-76.281848', '76.281848', '0.027963', 1),
(384, 204, '4035.242392', '5196.409059', '2471.590941', '2471.590941', '0.322325', 1),
(385, 205, '4027.984186', '3937.869603', '1699.130397', '1699.130397', '0.301425', 1),
(386, 206, '4020.725980', '3463.746813', '575.253187', '575.253187', '0.142425', 1),
(387, 207, '4013.467774', '3069.874024', '913.125976', '913.125976', '0.229256', 1),
(388, 208, '4006.209568', '4786.532485', '-27.532485', '27.532485', '0.005785', 1),
(389, 209, '3998.951362', '4282.868029', '2724.131971', '2724.131971', '0.388773', 1),
(390, 210, '3991.693156', '2287.880656', '-2054.880656', '2054.880656', '8.819230', 1),
(391, 211, '3984.434950', '7699.809950', '11639.190050', '11639.190050', '0.601851', 1),
(392, 212, '3977.176744', '2810.520494', '-439.520494', '439.520494', '0.185373', 1),
(393, 213, '3969.918538', '3197.397704', '936.602296', '936.602296', '0.226561', 1),
(394, 214, '3962.660332', '4254.806165', '1899.193835', '1899.193835', '0.308611', 1),
(395, 215, '3955.402126', '2717.183376', '-94.183376', '94.183376', '0.035907', 1),
(396, 216, '3948.143920', '5109.310587', '552.689413', '552.689413', '0.097614', 1),
(397, 217, '3940.885714', '3850.771131', '723.228869', '723.228869', '0.158117', 1),
(398, 218, '3933.627508', '3376.648341', '-525.648341', '525.648341', '0.184373', 1),
(399, 219, '3926.369302', '2982.775552', '137.224448', '137.224448', '0.043982', 1),
(400, 220, '3919.111096', '4699.434013', '1402.565987', '1402.565987', '0.229853', 1),
(401, 221, '3911.852890', '4195.769557', '-796.769557', '796.769557', '0.234413', 1),
(402, 222, '3904.594684', '2200.782184', '917.217816', '917.217816', '0.294169', 1),
(403, 223, '3897.336478', '7612.711478', '-2615.711478', '2615.711478', '0.523456', 1),
(404, 224, '3890.078272', '2723.422022', '-82.422022', '82.422022', '0.031209', 1),
(405, 225, '3882.820066', '3110.299232', '390.700768', '390.700768', '0.111597', 1),
(406, 226, '3875.561860', '4167.707693', '-219.707693', '219.707693', '0.055650', 1),
(407, 227, '3868.303654', '2630.084904', '1876.915096', '1876.915096', '0.416444', 1),
(408, 228, '3861.045448', '5022.212115', '-897.212115', '897.212115', '0.217506', 1),
(409, 229, '3853.787242', '3763.672659', '-873.672659', '873.672659', '0.302309', 1),
(410, 230, '3846.529036', '3289.549869', '408.450131', '408.450131', '0.110452', 1),
(411, 231, '3839.270830', '2895.677080', '-27.677080', '27.677080', '0.009650', 1),
(412, 232, '3832.012624', '4612.335541', '515.664459', '515.664459', '0.100559', 1),
(413, 233, '3824.754418', '4108.671085', '-2663.671085', '2663.671085', '1.843371', 1),
(414, 234, '3817.496212', '2113.683712', '3033.316288', '3033.316288', '0.589337', 1),
(415, 235, '3810.238006', '7525.613006', '-3882.613006', '3882.613006', '1.065774', 1),
(416, 236, '3802.979800', '2636.323550', '-929.323550', '929.323550', '0.544419', 1),
(417, 237, '3795.721594', '3023.200760', '-65.200760', '65.200760', '0.022042', 1),
(418, 238, '3788.463388', '4080.609221', '-1630.609221', '1630.609221', '0.665555', 1),
(419, 239, '3781.205182', '2542.986432', '-21.986432', '21.986432', '0.008721', 1),
(420, 240, '3773.946976', '4935.113643', '-1796.113643', '1796.113643', '0.572193', 1),
(421, 181, '4236.047640', '4075.590391', '1368.409609', '1368.409609', '0.251361', 2),
(422, 182, '4228.368907', '3776.779108', '-2035.779108', '2035.779108', '1.169316', 2),
(423, 183, '4220.690174', '3268.198581', '225.801419', '225.801419', '0.064625', 2),
(424, 184, '4213.011441', '5182.855101', '-1888.855101', '1888.855101', '0.573423', 2),
(425, 185, '4205.332708', '4419.047716', '552.952284', '552.952284', '0.111213', 2),
(426, 186, '4197.653975', '2843.154990', '3685.845010', '3685.845010', '0.564534', 2),
(427, 187, '4189.975242', '7110.429885', '-4252.429885', '4252.429885', '1.487904', 2),
(428, 188, '4182.296509', '3146.764076', '510.235924', '510.235924', '0.139523', 2),
(429, 189, '4174.617776', '3411.698028', '-590.698028', '590.698028', '0.209393', 2),
(430, 190, '4166.939043', '4413.646836', '-1018.646836', '1018.646836', '0.300043', 2),
(431, 191, '4159.260310', '3008.326434', '-1207.326434', '1207.326434', '0.670364', 2),
(432, 192, '4151.581577', '5297.812493', '-1700.812493', '1700.812493', '0.472842', 2),
(433, 193, '4143.902844', '3986.935948', '-1065.935948', '1065.935948', '0.364922', 2),
(434, 194, '4136.224111', '3694.475376', '-176.475376', '176.475376', '0.050164', 2),
(435, 195, '4128.545378', '3196.848285', '-683.848285', '683.848285', '0.272124', 2),
(436, 196, '4120.866645', '5069.498388', '-1712.498388', '1712.498388', '0.510128', 2),
(437, 197, '4113.187912', '4322.220122', '1177.779878', '1177.779878', '0.214142', 2),
(438, 198, '4105.509179', '2780.743477', '-1867.743477', '1867.743477', '2.045721', 2),
(439, 199, '4097.830446', '6954.059245', '-2685.059245', '2685.059245', '0.628967', 2),
(440, 200, '4090.151713', '3077.434239', '163.565761', '163.565761', '0.050468', 2),
(441, 201, '4082.472980', '3336.392878', '-250.392878', '250.392878', '0.081138', 2),
(442, 202, '4074.794247', '4316.046515', '37.953485', '37.953485', '0.008717', 2),
(443, 203, '4067.115514', '2941.679577', '-213.679577', '213.679577', '0.078328', 2),
(444, 204, '4059.436781', '5180.226979', '2487.773021', '2487.773021', '0.324436', 2),
(445, 205, '4051.758048', '3898.281505', '1738.718495', '1738.718495', '0.308447', 2),
(446, 206, '4044.079315', '3612.171644', '426.828356', '426.828356', '0.105677', 2),
(447, 207, '4036.400582', '3125.497990', '857.502010', '857.502010', '0.215290', 2),
(448, 208, '4028.721849', '4956.141676', '-197.141676', '197.141676', '0.041425', 2),
(449, 209, '4021.043116', '4225.392527', '2781.607473', '2781.607473', '0.396976', 2),
(450, 210, '4013.364383', '2718.331964', '-2485.331964', '2485.331964', '10.666661', 2),
(451, 211, '4005.685650', '6797.688605', '12541.311395', '12541.311395', '0.648498', 2),
(452, 212, '3998.006917', '3008.104402', '-637.104402', '637.104402', '0.268707', 2),
(453, 213, '3990.328184', '3261.087728', '872.912272', '872.912272', '0.211154', 2),
(454, 214, '3982.649451', '4218.446194', '1935.553806', '1935.553806', '0.314520', 2),
(455, 215, '3974.970718', '2875.032721', '-252.032721', '252.032721', '0.096086', 2),
(456, 216, '3967.291985', '5062.641466', '599.358534', '599.358534', '0.105856', 2),
(457, 217, '3959.613252', '3809.627062', '764.372938', '764.372938', '0.167113', 2),
(458, 218, '3951.934519', '3529.867912', '-678.867912', '678.867912', '0.238116', 2),
(459, 219, '3944.255786', '3054.147694', '65.852306', '65.852306', '0.021107', 2),
(460, 220, '3936.577053', '4842.784964', '1259.215036', '1259.215036', '0.206361', 2),
(461, 221, '3928.898320', '4128.564933', '-729.564933', '729.564933', '0.214641', 2),
(462, 222, '3921.219587', '2655.920451', '462.079549', '462.079549', '0.148197', 2),
(463, 223, '3913.540854', '6641.317965', '-1644.317965', '1644.317965', '0.329061', 2),
(464, 224, '3905.862121', '2938.774566', '-297.774566', '297.774566', '0.112751', 2),
(465, 225, '3898.183388', '3185.782577', '315.217423', '315.217423', '0.090036', 2),
(466, 226, '3890.504655', '4120.845874', '-172.845874', '172.845874', '0.043781', 2),
(467, 227, '3882.825922', '2808.385864', '1698.614136', '1698.614136', '0.376884', 2),
(468, 228, '3875.147189', '4945.055952', '-820.055952', '820.055952', '0.198801', 2),
(469, 229, '3867.468456', '3720.972618', '-830.972618', '830.972618', '0.287534', 2),
(470, 230, '3859.789723', '3447.564181', '250.435819', '250.435819', '0.067722', 2),
(471, 231, '3852.110990', '2982.797399', '-114.797399', '114.797399', '0.040027', 2),
(472, 232, '3844.432257', '4729.428251', '398.571749', '398.571749', '0.077725', 2),
(473, 233, '3836.753524', '4031.737338', '-2586.737338', '2586.737338', '1.790130', 2),
(474, 234, '3829.074791', '2593.508937', '2553.491063', '2553.491063', '0.496113', 2),
(475, 235, '3821.396058', '6484.947324', '-2841.947324', '2841.947324', '0.780112', 2),
(476, 236, '3813.717325', '2869.444729', '-1162.444729', '1162.444729', '0.680987', 2),
(477, 237, '3806.038592', '3110.477427', '-152.477427', '152.477427', '0.051547', 2),
(478, 238, '3798.359859', '4023.245553', '-1573.245553', '1573.245553', '0.642141', 2),
(479, 239, '3790.681126', '2741.739008', '-220.739008', '220.739008', '0.087560', 2),
(480, 240, '3783.002393', '4827.470439', '-1688.470439', '1688.470439', '0.537901', 2),
(481, 241, '4855.532235', '2902.428068', '3024.571932', '3024.571932', '0.510304', 1),
(482, 242, '4851.606643', '3063.825393', '-917.825393', '917.825393', '0.427691', 1),
(483, 243, '4847.681051', '3565.566468', '-1095.566468', '1095.566468', '0.443549', 1),
(484, 244, '4843.755459', '3745.151292', '-1592.151292', '1592.151292', '0.739504', 1),
(485, 245, '4839.829867', '3925.548617', '-631.548617', '631.548617', '0.191727', 1),
(486, 246, '4835.904275', '6791.393859', '-2341.393859', '2341.393859', '0.526156', 1),
(487, 247, '4831.978683', '17536.457850', '4266.542150', '4266.542150', '0.195686', 1),
(488, 248, '4828.053091', '2662.990591', '-179.990591', '179.990591', '0.072489', 1),
(489, 249, '4824.127499', '3277.002499', '912.997501', '912.997501', '0.217899', 1),
(490, 250, '4820.201907', '2307.545657', '828.454343', '828.454343', '0.264175', 1),
(491, 251, '4816.276315', '2785.265898', '-1089.265898', '1089.265898', '0.642256', 1),
(492, 252, '4812.350723', '6992.194473', '1753.805527', '1753.805527', '0.200527', 1),
(493, 253, '4808.425131', '2855.320964', '-1587.320964', '1587.320964', '1.251830', 1),
(494, 254, '4804.499539', '3016.718289', '351.281711', '351.281711', '0.104300', 1),
(495, 255, '4800.573947', '3518.459364', '925.540636', '925.540636', '0.208267', 1),
(496, 256, '4796.648355', '3698.044188', '-616.044188', '616.044188', '0.199885', 1),
(497, 257, '4792.722763', '3878.441513', '1094.558487', '1094.558487', '0.220100', 1),
(498, 258, '4788.797171', '6744.286755', '-5528.286755', '5528.286755', '4.546288', 1),
(499, 259, '4784.871579', '17489.350746', '-6289.350746', '6289.350746', '0.561549', 1),
(500, 260, '4780.945987', '2615.883487', '666.116513', '666.116513', '0.202961', 1),
(501, 261, '4777.020395', '3229.895395', '993.104605', '993.104605', '0.235166', 1),
(502, 262, '4773.094803', '2260.438553', '-60.438553', '60.438553', '0.027472', 1),
(503, 263, '4769.169211', '2738.158794', '585.841206', '585.841206', '0.176246', 1),
(504, 264, '4765.243619', '6945.087369', '-112.087369', '112.087369', '0.016404', 1),
(505, 265, '4761.318027', '2808.213860', '305.786140', '305.786140', '0.098197', 1),
(506, 266, '4757.392435', '2969.611185', '-593.611185', '593.611185', '0.249836', 1),
(507, 267, '4753.466843', '3471.352260', '-103.352260', '103.352260', '0.030687', 1),
(508, 268, '4749.541251', '3650.937084', '-175.937084', '175.937084', '0.050629', 1),
(509, 269, '4745.615659', '3831.334409', '469.665591', '469.665591', '0.109199', 1),
(510, 270, '4741.690067', '6697.179651', '-6047.179651', '6047.179651', '9.303353', 1),
(511, 271, '4737.764475', '17442.243642', '9435.756358', '9435.756358', '0.351059', 1),
(512, 272, '4733.838883', '2568.776383', '-843.776383', '843.776383', '0.489146', 1),
(513, 273, '4729.913291', '3182.788291', '-1074.788291', '1074.788291', '0.509862', 1),
(514, 274, '4725.987699', '2213.331449', '-8.331449', '8.331449', '0.003778', 1),
(515, 275, '4722.062107', '2691.051690', '-556.051690', '556.051690', '0.260446', 1),
(516, 276, '4718.136515', '6897.980265', '1331.019735', '1331.019735', '0.161747', 1),
(517, 277, '4714.210923', '2761.106756', '1341.893244', '1341.893244', '0.327052', 1),
(518, 278, '4710.285331', '2922.504081', '236.495919', '236.495919', '0.074864', 1),
(519, 279, '4706.359739', '3424.245156', '-767.245156', '767.245156', '0.288764', 1),
(520, 280, '4702.434147', '3603.829980', '1048.170020', '1048.170020', '0.225316', 1),
(521, 281, '4698.508555', '3784.227305', '840.772695', '840.772695', '0.181789', 1),
(522, 282, '4694.582963', '6650.072547', '15773.927453', '15773.927453', '0.703440', 1),
(523, 283, '4690.657371', '17395.136538', '-6012.136538', '6012.136538', '0.528168', 1),
(524, 284, '4686.731779', '2521.669279', '1688.330721', '1688.330721', '0.401029', 1),
(525, 285, '4682.806187', '3135.681187', '575.318813', '575.318813', '0.155031', 1),
(526, 286, '4678.880595', '2166.224345', '740.775655', '740.775655', '0.254825', 1),
(527, 287, '4674.955003', '2643.944586', '2541.055414', '2541.055414', '0.490078', 1),
(528, 288, '4671.029411', '6850.873161', '-1630.873161', '1630.873161', '0.312428', 1),
(529, 289, '4667.103819', '2713.999652', '505.000348', '505.000348', '0.156881', 1),
(530, 290, '4663.178227', '2875.396977', '-81.396977', '81.396977', '0.029133', 1),
(531, 291, '4659.252635', '3377.138052', '-109.138052', '109.138052', '0.033396', 1),
(532, 292, '4655.327043', '3556.722876', '-326.722876', '326.722876', '0.101153', 1),
(533, 293, '4651.401451', '3737.120201', '-2350.120201', '2350.120201', '1.694391', 1),
(534, 294, '4647.475859', '6602.965443', '-3975.965443', '3975.965443', '1.513500', 1),
(535, 295, '4643.550267', '17348.029434', '-12735.029434', '12735.029434', '2.760683', 1),
(536, 296, '4639.624675', '2474.562175', '1159.437825', '1159.437825', '0.319053', 1),
(537, 297, '4635.699083', '3088.574083', '366.425917', '366.425917', '0.106057', 1),
(538, 298, '4631.773491', '2119.117241', '982.882759', '982.882759', '0.316855', 1),
(539, 299, '4627.847899', '2596.837482', '1766.162518', '1766.162518', '0.404805', 1),
(540, 300, '4623.922307', '6803.766057', '2921.233943', '2921.233943', '0.300384', 1),
(541, 241, '4506.463529', '2730.475265', '3196.524735', '3196.524735', '0.539316', 2),
(542, 242, '4521.097830', '2926.484020', '-780.484020', '780.484020', '0.363692', 2),
(543, 243, '4535.732131', '3505.535828', '-1035.535828', '1035.535828', '0.419245', 2),
(544, 244, '4550.366432', '3543.638812', '-1390.638812', '1390.638812', '0.645907', 2),
(545, 245, '4565.000733', '3630.070323', '-336.070323', '336.070323', '0.102025', 2),
(546, 246, '4579.635034', '5384.592904', '-934.592904', '934.592904', '0.210021', 2),
(547, 247, '4594.269335', '16254.740838', '5548.259162', '5548.259162', '0.254472', 2),
(548, 248, '4608.903636', '2661.950646', '-178.950646', '178.950646', '0.072070', 2),
(549, 249, '4623.537937', '3319.875933', '870.124067', '870.124067', '0.207667', 2),
(550, 250, '4638.172238', '2377.536366', '758.463634', '758.463634', '0.241857', 2),
(551, 251, '4652.806539', '2818.158393', '-1122.158393', '1122.158393', '0.661650', 2),
(552, 252, '4667.440840', '6736.881425', '2009.118575', '2009.118575', '0.229719', 2),
(553, 253, '4682.075141', '2836.878692', '-1568.878692', '1568.878692', '1.237286', 2),
(554, 254, '4696.709442', '3040.156538', '327.843462', '327.843462', '0.097341', 2),
(555, 255, '4711.343743', '3641.260950', '802.739050', '802.739050', '0.180634', 2),
(556, 256, '4725.978044', '3680.397936', '-598.397936', '598.397936', '0.194159', 2),
(557, 257, '4740.612345', '3769.715974', '1203.284026', '1203.284026', '0.241963', 2),
(558, 258, '4755.246646', '5591.071594', '-4375.071594', '4375.071594', '3.597921', 2),
(559, 259, '4769.880947', '16876.062975', '-5676.062975', '5676.062975', '0.506791', 2),
(560, 260, '4784.515248', '2763.378118', '518.621882', '518.621882', '0.158020', 2),
(561, 261, '4799.149549', '3445.971744', '777.028256', '777.028256', '0.183999', 2),
(562, 262, '4813.783850', '2467.555229', '-267.555229', '267.555229', '0.121616', 2),
(563, 263, '4828.418151', '2924.524590', '399.475410', '399.475410', '0.120179', 2),
(564, 264, '4843.052452', '6990.355362', '-157.355362', '157.355362', '0.023029', 2),
(565, 265, '4857.686753', '2943.282119', '170.717881', '170.717881', '0.054823', 2),
(566, 266, '4872.321054', '3153.829057', '-777.829057', '777.829057', '0.327369', 2),
(567, 267, '4886.955355', '3776.986072', '-408.986072', '408.986072', '0.121433', 2),
(568, 268, '4901.589656', '3817.157059', '-342.157059', '342.157059', '0.098462', 2),
(569, 269, '4916.223957', '3909.361626', '391.638374', '391.638374', '0.091058', 2),
(570, 270, '4930.858258', '5797.550283', '-5147.550283', '5147.550283', '7.919308', 2),
(571, 271, '4945.492559', '17497.385112', '9380.614888', '9380.614888', '0.349007', 2),
(572, 272, '4960.126860', '2864.805590', '-1139.805590', '1139.805590', '0.660757', 2),
(573, 273, '4974.761161', '3572.067555', '-1464.067555', '1464.067555', '0.694529', 2),
(574, 274, '4989.395462', '2557.574093', '-352.574093', '352.574093', '0.159898', 2),
(575, 275, '5004.029763', '3030.890787', '-895.890787', '895.890787', '0.419621', 2),
(576, 276, '5018.664064', '7243.829299', '985.170701', '985.170701', '0.119719', 2),
(577, 277, '5033.298365', '3049.685546', '1053.314454', '1053.314454', '0.256718', 2),
(578, 278, '5047.932666', '3267.501575', '-108.501575', '108.501575', '0.034347', 2),
(579, 279, '5062.566967', '3912.711194', '-1255.711194', '1255.711194', '0.472605', 2),
(580, 280, '5077.201268', '3953.916182', '698.083818', '698.083818', '0.150061', 2),
(581, 281, '5091.835569', '4049.007277', '575.992723', '575.992723', '0.124539', 2),
(582, 282, '5106.469870', '6004.028973', '16419.971027', '16419.971027', '0.732250', 2),
(583, 283, '5121.104171', '18118.707249', '-6735.707249', '6735.707249', '0.591734', 2),
(584, 284, '5135.738472', '2966.233062', '1243.766938', '1243.766938', '0.295432', 2),
(585, 285, '5150.372773', '3698.163365', '12.836635', '12.836635', '0.003459', 2),
(586, 286, '5165.007074', '2647.592956', '259.407044', '259.407044', '0.089235', 2),
(587, 287, '5179.641375', '3137.256984', '2047.743016', '2047.743016', '0.394936', 2),
(588, 288, '5194.275676', '7497.303237', '-2277.303237', '2277.303237', '0.436265', 2),
(589, 289, '5208.909977', '3156.088973', '62.911027', '62.911027', '0.019544', 2);
INSERT INTO `calculate_forecasting` (`id_calculate_forecasting`, `id_data_pengunjung`, `unadjusted`, `adjusted`, `error`, `mad`, `mape`, `id_method_type`) VALUES
(590, 290, '5223.544278', '3381.174093', '-587.174093', '587.174093', '0.210155', 2),
(591, 291, '5238.178579', '4048.436317', '-780.436317', '780.436317', '0.238812', 2),
(592, 292, '5252.812880', '4090.675306', '-860.675306', '860.675306', '0.266463', 2),
(593, 293, '5267.447181', '4188.652929', '-2801.652929', '2801.652929', '2.019937', 2),
(594, 294, '5282.081482', '6210.507662', '-3583.507662', '3583.507662', '1.364106', 2),
(595, 295, '5296.715783', '18740.029386', '-14127.029386', '14127.029386', '3.062439', 2),
(596, 296, '5311.350084', '3067.660534', '566.339466', '566.339466', '0.155845', 2),
(597, 297, '5325.984385', '3824.259176', '-369.259176', '369.259176', '0.106877', 2),
(598, 298, '5340.618686', '2737.611820', '364.388180', '364.388180', '0.117469', 2),
(599, 299, '5355.252987', '3243.623182', '1119.376818', '1119.376818', '0.256561', 2),
(600, 300, '5369.887288', '7750.777174', '1974.222826', '1974.222826', '0.203005', 2),
(601, 301, '142.650814', '119.994564', '-7.994564', '7.994564', '0.071380', 1),
(602, 302, '142.612780', '110.144030', '-41.144030', '41.144030', '0.596290', 1),
(603, 303, '142.574746', '118.730996', '-46.730996', '46.730996', '0.649042', 1),
(604, 304, '142.536712', '152.651296', '-73.651296', '73.651296', '0.932295', 1),
(605, 305, '142.498678', '154.311178', '-30.311178', '30.311178', '0.244445', 1),
(606, 306, '142.460644', '119.085644', '-11.085644', '11.085644', '0.102645', 1),
(607, 307, '142.422610', '126.849693', '-59.849693', '59.849693', '0.893279', 1),
(608, 308, '142.384576', '231.342910', '-100.342910', '100.342910', '0.765976', 1),
(609, 309, '142.346542', '148.034042', '28.965958', '28.965958', '0.163649', 1),
(610, 310, '142.308508', '157.329342', '16.670658', '16.670658', '0.095808', 1),
(611, 311, '142.270474', '149.957974', '-3.957974', '3.957974', '0.027109', 1),
(612, 312, '142.232440', '136.722023', '15.277977', '15.277977', '0.100513', 1),
(613, 313, '142.194406', '119.538156', '-19.538156', '19.538156', '0.195382', 1),
(614, 314, '142.156372', '109.687622', '13.312378', '13.312378', '0.108231', 1),
(615, 315, '142.118338', '118.274588', '-37.274588', '37.274588', '0.460180', 1),
(616, 316, '142.080304', '152.194888', '-7.194888', '7.194888', '0.049620', 1),
(617, 317, '142.042270', '153.854770', '-37.854770', '37.854770', '0.326334', 1),
(618, 318, '142.004236', '118.629236', '-5.629236', '5.629236', '0.049816', 1),
(619, 319, '141.966202', '126.393285', '-13.393285', '13.393285', '0.118525', 1),
(620, 320, '141.928168', '230.886502', '-101.886502', '101.886502', '0.789818', 1),
(621, 321, '141.890134', '147.577634', '22.422366', '22.422366', '0.131896', 1),
(622, 322, '141.852100', '156.872934', '-25.872934', '25.872934', '0.197503', 1),
(623, 323, '141.814066', '149.501566', '-22.501566', '22.501566', '0.177178', 1),
(624, 324, '141.776032', '136.265615', '-0.265615', '0.265615', '0.001953', 1),
(625, 325, '141.737998', '119.081748', '57.918252', '57.918252', '0.327222', 1),
(626, 326, '141.699964', '109.231214', '70.768786', '70.768786', '0.393160', 1),
(627, 327, '141.661930', '117.818180', '93.181820', '93.181820', '0.441620', 1),
(628, 328, '141.623896', '151.738480', '76.261520', '76.261520', '0.334480', 1),
(629, 329, '141.585862', '153.398362', '69.601638', '69.601638', '0.312115', 1),
(630, 330, '141.547828', '118.172828', '50.827172', '50.827172', '0.300752', 1),
(631, 331, '141.509794', '125.936877', '43.063123', '43.063123', '0.254811', 1),
(632, 332, '141.471760', '230.430094', '59.569906', '59.569906', '0.205413', 1),
(633, 333, '141.433726', '147.121226', '36.878774', '36.878774', '0.200428', 1),
(634, 334, '141.395692', '156.416526', '84.583474', '84.583474', '0.350969', 1),
(635, 335, '141.357658', '149.045158', '114.954842', '114.954842', '0.435435', 1),
(636, 336, '141.319624', '135.809207', '12.190793', '12.190793', '0.082370', 1),
(637, 337, '141.281590', '118.625340', '-8.625340', '8.625340', '0.078412', 1),
(638, 338, '141.243556', '108.774806', '-11.774806', '11.774806', '0.121390', 1),
(639, 339, '141.205522', '117.361772', '-21.361772', '21.361772', '0.222518', 1),
(640, 340, '141.167488', '151.282072', '30.717928', '30.717928', '0.168780', 1),
(641, 341, '141.129454', '152.941954', '73.058046', '73.058046', '0.323266', 1),
(642, 342, '141.091420', '117.716420', '39.283580', '39.283580', '0.250214', 1),
(643, 343, '141.053386', '125.480469', '86.519531', '86.519531', '0.408111', 1),
(644, 344, '141.015352', '229.973686', '202.026314', '202.026314', '0.467654', 1),
(645, 345, '140.977318', '146.664818', '-24.664818', '24.664818', '0.202171', 1),
(646, 346, '140.939284', '155.960118', '-7.960118', '7.960118', '0.053785', 1),
(647, 347, '140.901250', '148.588750', '-21.588750', '21.588750', '0.169990', 1),
(648, 348, '140.863216', '135.352799', '36.647201', '36.647201', '0.213065', 1),
(649, 349, '140.825182', '118.168932', '32.831068', '32.831068', '0.217424', 1),
(650, 350, '140.787148', '108.318398', '-9.318398', '9.318398', '0.094125', 1),
(651, 351, '140.749114', '116.905364', '23.094636', '23.094636', '0.164962', 1),
(652, 352, '140.711080', '150.825664', '-51.825664', '51.825664', '0.523492', 1),
(653, 353, '140.673046', '152.485546', '-64.485546', '64.485546', '0.732790', 1),
(654, 354, '140.635012', '117.260012', '-50.260012', '50.260012', '0.750149', 1),
(655, 355, '140.596978', '125.024061', '-51.024061', '51.024061', '0.689514', 1),
(656, 356, '140.558944', '229.517278', '-99.517278', '99.517278', '0.765518', 1),
(657, 357, '140.520910', '146.208410', '-100.208410', '100.208410', '2.178444', 1),
(658, 358, '140.482876', '155.503710', '-86.503710', '86.503710', '1.253677', 1),
(659, 359, '140.444842', '148.132342', '-84.132342', '84.132342', '1.314568', 1),
(660, 360, '140.406808', '134.896391', '-50.896391', '50.896391', '0.605909', 1),
(661, 301, '143.135143', '123.205149', '-11.205149', '11.205149', '0.100046', 2),
(662, 302, '143.105156', '115.292812', '-46.292812', '46.292812', '0.670910', 2),
(663, 303, '143.075169', '124.393558', '-52.393558', '52.393558', '0.727688', 2),
(664, 304, '143.045182', '150.808244', '-71.808244', '71.808244', '0.908965', 2),
(665, 305, '143.015195', '149.081184', '-25.081184', '25.081184', '0.202268', 2),
(666, 306, '142.985208', '119.176026', '-11.176026', '11.176026', '0.103482', 2),
(667, 307, '142.955221', '125.122701', '-58.122701', '58.122701', '0.867503', 2),
(668, 308, '142.925234', '213.782563', '-82.782563', '82.782563', '0.631928', 2),
(669, 309, '142.895247', '154.381167', '22.618833', '22.618833', '0.127790', 2),
(670, 310, '142.865260', '158.124270', '15.875730', '15.875730', '0.091240', 2),
(671, 311, '142.835273', '148.946766', '-2.946766', '2.946766', '0.020183', 2),
(672, 312, '142.805286', '140.368599', '11.631401', '11.631401', '0.076522', 2),
(673, 313, '142.775299', '122.895409', '-22.895409', '22.895409', '0.228954', 2),
(674, 314, '142.745312', '115.002903', '7.997097', '7.997097', '0.065017', 2),
(675, 315, '142.715325', '124.080700', '-43.080700', '43.080700', '0.531860', 2),
(676, 316, '142.685338', '150.428871', '-5.428871', '5.428871', '0.037440', 2),
(677, 317, '142.655351', '148.706078', '-32.706078', '32.706078', '0.281949', 2),
(678, 318, '142.625364', '118.876102', '-5.876102', '5.876102', '0.052001', 2),
(679, 319, '142.595377', '124.807744', '-11.807744', '11.807744', '0.104493', 2),
(680, 320, '142.565390', '213.244321', '-84.244321', '84.244321', '0.653057', 2),
(681, 321, '142.535403', '153.992399', '16.007601', '16.007601', '0.094162', 2),
(682, 322, '142.505416', '157.725992', '-26.725992', '26.725992', '0.204015', 2),
(683, 323, '142.475429', '148.571525', '-21.571525', '21.571525', '0.169855', 2),
(684, 324, '142.445442', '140.014895', '-4.014895', '4.014895', '0.029521', 2),
(685, 325, '142.415455', '122.585669', '54.414331', '54.414331', '0.307426', 2),
(686, 326, '142.385468', '114.712995', '65.287005', '65.287005', '0.362706', 2),
(687, 327, '142.355481', '123.767841', '87.232159', '87.232159', '0.413423', 2),
(688, 328, '142.325494', '150.049499', '77.950501', '77.950501', '0.341888', 2),
(689, 329, '142.295507', '148.330971', '74.669029', '74.669029', '0.334839', 2),
(690, 330, '142.265520', '118.576177', '50.423823', '50.423823', '0.298366', 2),
(691, 331, '142.235533', '124.492788', '44.507212', '44.507212', '0.263356', 2),
(692, 332, '142.205546', '212.706079', '77.293921', '77.293921', '0.266531', 2),
(693, 333, '142.175559', '153.603630', '30.396370', '30.396370', '0.165198', 2),
(694, 334, '142.145572', '157.327714', '83.672286', '83.672286', '0.347188', 2),
(695, 335, '142.115585', '148.196285', '115.803715', '115.803715', '0.438650', 2),
(696, 336, '142.085598', '139.661191', '8.338809', '8.338809', '0.056343', 2),
(697, 337, '142.055611', '122.275930', '-12.275930', '12.275930', '0.111599', 2),
(698, 338, '142.025624', '114.423086', '-17.423086', '17.423086', '0.179619', 2),
(699, 339, '141.995637', '123.454983', '-27.454983', '27.454983', '0.285989', 2),
(700, 340, '141.965650', '149.670126', '32.329874', '32.329874', '0.177637', 2),
(701, 341, '141.935663', '147.955864', '78.044136', '78.044136', '0.345328', 2),
(702, 342, '141.905676', '118.276252', '38.723748', '38.723748', '0.246648', 2),
(703, 343, '141.875689', '124.177832', '87.822168', '87.822168', '0.414256', 2),
(704, 344, '141.845702', '212.167836', '219.832164', '219.832164', '0.508871', 2),
(705, 345, '141.815715', '153.214862', '-31.214862', '31.214862', '0.255860', 2),
(706, 346, '141.785728', '156.929436', '-8.929436', '8.929436', '0.060334', 2),
(707, 347, '141.755741', '147.821044', '-20.821044', '20.821044', '0.163945', 2),
(708, 348, '141.725754', '139.307487', '32.692513', '32.692513', '0.190073', 2),
(709, 349, '141.695767', '121.966190', '29.033810', '29.033810', '0.192277', 2),
(710, 350, '141.665780', '114.133177', '-15.133177', '15.133177', '0.152860', 2),
(711, 351, '141.635793', '123.142124', '16.857876', '16.857876', '0.120413', 2),
(712, 352, '141.605806', '149.290753', '-50.290753', '50.290753', '0.507987', 2),
(713, 353, '141.575819', '147.580757', '-59.580757', '59.580757', '0.677054', 2),
(714, 354, '141.545832', '117.976328', '-50.976328', '50.976328', '0.760841', 2),
(715, 355, '141.515845', '123.862875', '-49.862875', '49.862875', '0.673823', 2),
(716, 356, '141.485858', '211.629594', '-81.629594', '81.629594', '0.627920', 2),
(717, 357, '141.455871', '152.826094', '-106.826094', '106.826094', '2.322306', 2),
(718, 358, '141.425884', '156.531158', '-87.531158', '87.531158', '1.268568', 2),
(719, 359, '141.395897', '147.445803', '-83.445803', '83.445803', '1.303841', 2),
(720, 360, '141.365910', '138.953783', '-54.953783', '54.953783', '0.654212', 2);

--
-- Triggers `calculate_forecasting`
--
DELIMITER $$
CREATE TRIGGER `bi_calculate_forecasting` BEFORE INSERT ON `calculate_forecasting` FOR EACH ROW BEGIN
DECLARE id_sebelumnya int(10);
DECLARE COUNT_id int(10);
SELECT id_calculate_forecasting into id_sebelumnya from calculate_forecasting GROUP by id_calculate_forecasting DESC LIMIT 1;
SELECT COUNT(id_calculate_forecasting) INTO COUNT_id from calculate_forecasting;
if COUNT_id=0 THEN
set new.id_calculate_forecasting=1;
ELSE
set new.id_calculate_forecasting=id_sebelumnya+1;
END IF;
END
$$
DELIMITER ;

-- --------------------------------------------------------

--
-- Table structure for table `calculate_ratio`
--

CREATE TABLE `calculate_ratio` (
  `id_calculate_ratio` int(4) NOT NULL,
  `id_data_pengunjung` int(4) DEFAULT NULL,
  `id_method_type` int(4) DEFAULT NULL,
  `ratio` decimal(20,6) DEFAULT NULL
) ENGINE=InnoDB DEFAULT CHARSET=latin1;

--
-- Dumping data for table `calculate_ratio`
--

INSERT INTO `calculate_ratio` (`id_calculate_ratio`, `id_data_pengunjung`, `id_method_type`, `ratio`) VALUES
(8746, 1, 1, NULL),
(8747, 1, 2, NULL),
(8748, 2, 1, NULL),
(8749, 2, 2, NULL),
(8750, 3, 1, NULL),
(8751, 3, 2, NULL),
(8752, 4, 1, NULL),
(8753, 4, 2, NULL),
(8754, 5, 1, NULL),
(8755, 5, 2, NULL),
(8756, 6, 1, NULL),
(8757, 6, 2, NULL),
(8758, 7, 1, '22022.875000'),
(8759, 7, 2, '1.422184'),
(8760, 8, 1, '-11081.708333'),
(8761, 8, 2, '0.790015'),
(8762, 9, 1, '-3011.458333'),
(8763, 9, 2, '0.944582'),
(8764, 10, 1, '407.166667'),
(8765, 10, 2, '1.007236'),
(8766, 11, 1, '-7428.250000'),
(8767, 11, 2, '0.873961'),
(8768, 12, 1, '23165.458333'),
(8769, 12, 2, '1.391206'),
(8770, 13, 1, '-311.458333'),
(8771, 13, 2, '0.994750'),
(8772, 14, 1, '-13181.375000'),
(8773, 14, 2, '0.784876'),
(8774, 15, 1, '-8793.208333'),
(8775, 15, 2, '0.859979'),
(8776, 16, 1, '-2485.000000'),
(8777, 16, 2, '0.962155'),
(8778, 17, 1, '25568.541667'),
(8779, 17, 2, '1.378191'),
(8780, 18, 1, '-50268.750000'),
(8781, 18, 2, '0.276394'),
(8782, 19, 1, '36867.833333'),
(8783, 19, 2, '1.510252'),
(8784, 20, 1, '-19996.458333'),
(8785, 20, 2, '0.727952'),
(8786, 21, 1, '1818.500000'),
(8787, 21, 2, '1.024470'),
(8788, 22, 1, '24596.791667'),
(8789, 22, 2, '1.323628'),
(8790, 23, 1, '-22822.000000'),
(8791, 23, 2, '0.703883'),
(8792, 24, 1, '45334.583333'),
(8793, 24, 2, '1.573852'),
(8794, 25, 1, '-684.000000'),
(8795, 25, 2, '0.991912'),
(8796, 26, 1, '-35159.791667'),
(8797, 26, 2, '0.602097'),
(8798, 27, 1, '-20306.375000'),
(8799, 27, 2, '0.771042'),
(8800, 28, 1, '1027.000000'),
(8801, 28, 2, '1.011634'),
(8802, 29, 1, '4317.916667'),
(8803, 29, 2, '1.048868'),
(8804, 30, 1, '-22124.875000'),
(8805, 30, 2, '0.748957'),
(8806, 31, 1, '108589.666667'),
(8807, 31, 2, '2.242497'),
(8808, 32, 1, '-30894.041667'),
(8809, 32, 2, '0.651167'),
(8810, 33, 1, '-10943.125000'),
(8811, 33, 2, '0.879449'),
(8812, 34, 1, '-6469.541667'),
(8813, 34, 2, '0.930787'),
(8814, 35, 1, '-25069.041667'),
(8815, 35, 2, '0.735659'),
(8816, 36, 1, '5252.250000'),
(8817, 36, 2, '1.053520'),
(8818, 37, 1, '-10507.875000'),
(8819, 37, 2, '0.892434'),
(8820, 38, 1, '-16716.791667'),
(8821, 38, 2, '0.823385'),
(8822, 39, 1, '-1612.500000'),
(8823, 39, 2, '0.983605'),
(8824, 40, 1, '19428.750000'),
(8825, 40, 2, '1.182850'),
(8826, 41, 1, '-26283.625000'),
(8827, 41, 2, '0.772003'),
(8828, 42, 1, '28515.875000'),
(8829, 42, 2, '1.236915'),
(8830, 43, 1, '-19175.833333'),
(8831, 43, 2, '0.842227'),
(8832, 44, 1, '-43115.583333'),
(8833, 44, 2, '0.645188'),
(8834, 45, 1, '26489.708333'),
(8835, 45, 2, '1.217977'),
(8836, 46, 1, '85588.250000'),
(8837, 46, 2, '1.696815'),
(8838, 47, 1, '43417.541667'),
(8839, 47, 2, '1.357209'),
(8840, 48, 1, '6662.500000'),
(8841, 48, 2, '1.053944'),
(8842, 49, 1, '-39108.541667'),
(8843, 49, 2, '0.693916'),
(8844, 50, 1, '-51705.541667'),
(8845, 50, 2, '0.594706'),
(8846, 51, 1, '-26630.500000'),
(8847, 51, 2, '0.788052'),
(8848, 52, 1, '33432.333333'),
(8849, 52, 2, '1.275759'),
(8850, 53, 1, '-89558.250000'),
(8851, 53, 2, '0.246258'),
(8852, 54, 1, '133892.958333'),
(8853, 54, 2, '2.099177'),
(8854, 55, 1, NULL),
(8855, 55, 2, NULL),
(8856, 56, 1, NULL),
(8857, 56, 2, NULL),
(8858, 57, 1, NULL),
(8859, 57, 2, NULL),
(8860, 58, 1, NULL),
(8861, 58, 2, NULL),
(8862, 59, 1, NULL),
(8863, 59, 2, NULL),
(8864, 60, 1, NULL),
(8865, 60, 2, NULL),
(8866, 61, 1, NULL),
(8867, 61, 2, NULL),
(8868, 62, 1, NULL),
(8869, 62, 2, NULL),
(8870, 63, 1, NULL),
(8871, 63, 2, NULL),
(8872, 64, 1, NULL),
(8873, 64, 2, NULL),
(8874, 65, 1, NULL),
(8875, 65, 2, NULL),
(8876, 66, 1, NULL),
(8877, 66, 2, NULL),
(8878, 67, 1, '-308.208333'),
(8879, 67, 2, '0.356839'),
(8880, 68, 1, '-212.833333'),
(8881, 68, 2, '0.528956'),
(8882, 69, 1, '-192.958333'),
(8883, 69, 2, '0.542708'),
(8884, 70, 1, '299.458333'),
(8885, 70, 2, '1.736599'),
(8886, 71, 1, '-43.833333'),
(8887, 71, 2, '0.890917'),
(8888, 72, 1, '38.750000'),
(8889, 72, 2, '1.097546'),
(8890, 73, 1, '22.000000'),
(8891, 73, 2, '1.054054'),
(8892, 74, 1, '-46.416667'),
(8893, 74, 2, '0.892658'),
(8894, 75, 1, '98.791667'),
(8895, 75, 2, '1.215604'),
(8896, 76, 1, '-0.291667'),
(8897, 76, 2, '0.999368'),
(8898, 77, 1, '121.291667'),
(8899, 77, 2, '1.264420'),
(8900, 78, 1, '-294.375000'),
(8901, 78, 2, '0.375497'),
(8902, 79, 1, '1.666667'),
(8903, 79, 2, '1.003477'),
(8904, 80, 1, '50.625000'),
(8905, 80, 2, '1.103660'),
(8906, 81, 1, '65.541667'),
(8907, 81, 2, '1.135849'),
(8908, 82, 1, '-9.208333'),
(8909, 82, 2, '0.980416'),
(8910, 83, 1, '80.500000'),
(8911, 83, 2, '1.174810'),
(8912, 84, 1, '93.375000'),
(8913, 84, 2, '1.201402'),
(8914, 85, 1, '18.250000'),
(8915, 85, 2, '1.037962'),
(8916, 86, 1, '47.416667'),
(8917, 86, 2, '1.097649'),
(8918, 87, 1, '-220.291667'),
(8919, 87, 2, '0.548852'),
(8920, 88, 1, '-42.208333'),
(8921, 88, 2, '0.915280'),
(8922, 89, 1, '-155.666667'),
(8923, 89, 2, '0.693368'),
(8924, 90, 1, '-33.791667'),
(8925, 90, 2, '0.934231'),
(8926, 91, 1, '64.833333'),
(8927, 91, 2, '1.123688'),
(8928, 92, 1, '19.750000'),
(8929, 92, 2, '1.037459'),
(8930, 93, 1, '71.625000'),
(8931, 93, 2, '1.134286'),
(8932, 94, 1, '87.500000'),
(8933, 94, 2, '1.157800'),
(8934, 95, 1, '19.666667'),
(8935, 95, 2, '1.034665'),
(8936, 96, 1, '96.416667'),
(8937, 96, 2, '1.171687'),
(8938, 97, 1, '84.041667'),
(8939, 97, 2, '1.149286'),
(8940, 98, 1, '-120.083333'),
(8941, 98, 2, '0.792632'),
(8942, 99, 1, '-98.708333'),
(8943, 99, 2, '0.832045'),
(8944, 100, 1, '146.958333'),
(8945, 100, 2, '1.246972'),
(8946, 101, 1, '-233.208333'),
(8947, 101, 2, '0.615934'),
(8948, 102, 1, '-297.666667'),
(8949, 102, 2, '0.518079'),
(8950, 103, 1, '162.875000'),
(8951, 103, 2, '1.263073'),
(8952, 104, 1, '120.666667'),
(8953, 104, 2, '1.194519'),
(8954, 105, 1, '-16.916667'),
(8955, 105, 2, '0.973356'),
(8956, 106, 1, '162.833333'),
(8957, 106, 2, '1.253569'),
(8958, 107, 1, '81.083333'),
(8959, 107, 2, '1.127707'),
(8960, 108, 1, '143.375000'),
(8961, 108, 2, '1.225211'),
(8962, 109, 1, '-74.250000'),
(8963, 109, 2, '0.882933'),
(8964, 110, 1, '-50.583333'),
(8965, 110, 2, '0.919142'),
(8966, 111, 1, '89.041667'),
(8967, 111, 2, '1.140453'),
(8968, 112, 1, '23.375000'),
(8969, 112, 2, '1.035491'),
(8970, 113, 1, '-432.750000'),
(8971, 113, 2, '0.375316'),
(8972, 114, 1, '-253.333333'),
(8973, 114, 2, '0.652174'),
(8974, 115, 1, NULL),
(8975, 115, 2, NULL),
(8976, 116, 1, NULL),
(8977, 116, 2, NULL),
(8978, 117, 1, NULL),
(8979, 117, 2, NULL),
(8980, 118, 1, NULL),
(8981, 118, 2, NULL),
(8982, 119, 1, NULL),
(8983, 119, 2, NULL),
(8984, 120, 1, NULL),
(8985, 120, 2, NULL),
(8986, 121, 1, NULL),
(8987, 121, 2, NULL),
(8988, 122, 1, NULL),
(8989, 122, 2, NULL),
(8990, 123, 1, NULL),
(8991, 123, 2, NULL),
(8992, 124, 1, NULL),
(8993, 124, 2, NULL),
(8994, 125, 1, NULL),
(8995, 125, 2, NULL),
(8996, 126, 1, NULL),
(8997, 126, 2, NULL),
(8998, 127, 1, '-2049.083333'),
(8999, 127, 2, '0.877198'),
(9000, 128, 1, '-5483.458333'),
(9001, 128, 2, '0.672423'),
(9002, 129, 1, '-892.750000'),
(9003, 129, 2, '0.946602'),
(9004, 130, 1, '591.666667'),
(9005, 130, 2, '1.034949'),
(9006, 131, 1, '261.041667'),
(9007, 131, 2, '1.015245'),
(9008, 132, 1, '5266.916667'),
(9009, 132, 2, '1.316672'),
(9010, 133, 1, '2066.750000'),
(9011, 133, 2, '1.124749'),
(9012, 134, 1, '-3271.833333'),
(9013, 134, 2, '0.811257'),
(9014, 135, 1, '-1400.000000'),
(9015, 135, 2, '0.921406'),
(9016, 136, 1, '2919.083333'),
(9017, 136, 2, '1.159540'),
(9018, 137, 1, '2545.500000'),
(9019, 137, 2, '1.137859'),
(9020, 138, 1, '-15312.000000'),
(9021, 138, 2, '0.173441'),
(9022, 139, 1, '7348.583333'),
(9023, 139, 2, '1.391749'),
(9024, 140, 1, '-685.000000'),
(9025, 140, 2, '0.963743'),
(9026, 141, 1, '1235.916667'),
(9027, 141, 2, '1.064660'),
(9028, 142, 1, '5174.958333'),
(9029, 142, 2, '1.266256'),
(9030, 143, 1, '-5405.041667'),
(9031, 143, 2, '0.725925'),
(9032, 144, 1, '6232.083333'),
(9033, 144, 2, '1.308719'),
(9034, 145, 1, '-525.041667'),
(9035, 145, 2, '0.974061'),
(9036, 146, 1, '-3691.166667'),
(9037, 146, 2, '0.814534'),
(9038, 147, 1, '-474.500000'),
(9039, 147, 2, '0.976329'),
(9040, 148, 1, '5457.083333'),
(9041, 148, 2, '1.268453'),
(9042, 149, 1, '2378.250000'),
(9043, 149, 2, '1.113777'),
(9044, 150, 1, '-9258.000000'),
(9045, 150, 2, '0.566999'),
(9046, 151, 1, '-2793.375000'),
(9047, 151, 2, '0.868790'),
(9048, 152, 1, '-3539.041667'),
(9049, 152, 2, '0.833261'),
(9050, 153, 1, '2966.375000'),
(9051, 153, 2, '1.138969'),
(9052, 154, 1, '5787.583333'),
(9053, 154, 2, '1.267456'),
(9054, 155, 1, '3503.333333'),
(9055, 155, 2, '1.160757'),
(9056, 156, 1, '4606.500000'),
(9057, 156, 2, '1.206472'),
(9058, 157, 1, '-5922.625000'),
(9059, 157, 2, '0.741839'),
(9060, 158, 1, '-5823.541667'),
(9061, 158, 2, '0.748850'),
(9062, 159, 1, '-2221.291667'),
(9063, 159, 2, '0.905611'),
(9064, 160, 1, '7204.583333'),
(9065, 160, 2, '1.301568'),
(9066, 161, 1, '-2595.625000'),
(9067, 161, 2, '0.892940'),
(9068, 162, 1, '1740.250000'),
(9069, 162, 2, '1.071197'),
(9070, 163, 1, '-4998.291667'),
(9071, 163, 2, '0.796663'),
(9072, 164, 1, '-2172.916667'),
(9073, 164, 2, '0.911935'),
(9074, 165, 1, '3192.958333'),
(9075, 165, 2, '1.129784'),
(9076, 166, 1, '8150.500000'),
(9077, 166, 2, '1.334524'),
(9078, 167, 1, '5229.750000'),
(9079, 167, 2, '1.222739'),
(9080, 168, 1, '4997.250000'),
(9081, 168, 2, '1.214827'),
(9082, 169, 1, '-4784.750000'),
(9083, 169, 2, '0.798848'),
(9084, 170, 1, '-5892.125000'),
(9085, 170, 2, '0.749230'),
(9086, 171, 1, '-3623.875000'),
(9087, 171, 2, '0.842240'),
(9088, 172, 1, '4936.708333'),
(9089, 172, 2, '1.220170'),
(9090, 173, 1, '-18002.750000'),
(9091, 173, 2, '0.186932'),
(9092, 174, 1, '15804.208333'),
(9093, 174, 2, '1.697179'),
(9094, 175, 1, NULL),
(9095, 175, 2, NULL),
(9096, 176, 1, NULL),
(9097, 176, 2, NULL),
(9098, 177, 1, NULL),
(9099, 177, 2, NULL),
(9100, 178, 1, NULL),
(9101, 178, 2, NULL),
(9102, 179, 1, NULL),
(9103, 179, 2, NULL),
(9104, 180, 1, NULL),
(9105, 180, 2, NULL),
(9106, 181, 1, NULL),
(9107, 181, 2, NULL),
(9108, 182, 1, NULL),
(9109, 182, 2, NULL),
(9110, 183, 1, NULL),
(9111, 183, 2, NULL),
(9112, 184, 1, NULL),
(9113, 184, 2, NULL),
(9114, 185, 1, NULL),
(9115, 185, 2, NULL),
(9116, 186, 1, NULL),
(9117, 186, 2, NULL),
(9118, 187, 1, '-670.458333'),
(9119, 187, 2, '0.809985'),
(9120, 188, 1, '159.625000'),
(9121, 188, 2, '1.045641'),
(9122, 189, 1, '-709.541667'),
(9123, 189, 2, '0.799028'),
(9124, 190, 1, '-97.291667'),
(9125, 190, 2, '0.972141'),
(9126, 191, 1, '-1715.916667'),
(9127, 191, 2, '0.512096'),
(9128, 192, 1, '292.083333'),
(9129, 192, 2, '1.088378'),
(9130, 193, 1, '-208.708333'),
(9131, 193, 2, '0.933314'),
(9132, 194, 1, '346.833333'),
(9133, 194, 2, '1.109371'),
(9134, 195, 1, '-651.875000'),
(9135, 195, 2, '0.794028'),
(9136, 196, 1, '141.125000'),
(9137, 196, 2, '1.043884'),
(9138, 197, 1, '2205.541667'),
(9139, 197, 2, '1.669470'),
(9140, 198, 1, '-2589.708333'),
(9141, 198, 2, '0.260655'),
(9142, 199, 1, '483.500000'),
(9143, 199, 2, '1.127724'),
(9144, 200, 1, '-679.375000'),
(9145, 200, 2, '0.826707'),
(9146, 201, 1, '-917.333333'),
(9147, 201, 2, '0.770858'),
(9148, 202, 1, '231.000000'),
(9149, 202, 2, '1.056027'),
(9150, 203, 1, '-1516.208333'),
(9151, 203, 2, '0.642758'),
(9152, 204, 1, '3389.333333'),
(9153, 204, 2, '1.792147'),
(9154, 205, 1, '758.750000'),
(9155, 205, 2, '1.155537'),
(9156, 206, 1, '-1430.916667'),
(9157, 206, 2, '0.738402'),
(9158, 207, 1, '-1494.333333'),
(9159, 207, 2, '0.727179'),
(9160, 208, 1, '-837.000000'),
(9161, 208, 2, '0.850429'),
(9162, 209, 1, '1340.375000'),
(9163, 209, 2, '1.236539'),
(9164, 210, 1, '-5345.666667'),
(9165, 210, 2, '0.041766'),
(9166, 211, 1, '13888.208333'),
(9167, 211, 2, '3.547925'),
(9168, 212, 1, '-2986.000000'),
(9169, 212, 2, '0.442598'),
(9170, 213, 1, '-1137.541667'),
(9171, 213, 2, '0.784211'),
(9172, 214, 1, '862.458333'),
(9173, 214, 2, '1.162988'),
(9174, 215, 1, '-2574.166667'),
(9175, 215, 2, '0.504698'),
(9176, 216, 1, '494.958333'),
(9177, 216, 2, '1.095791'),
(9178, 217, 1, '-115.666667'),
(9179, 217, 2, '0.975336'),
(9180, 218, 1, '-1252.333333'),
(9181, 218, 2, '0.694801'),
(9182, 219, 1, '-968.208333'),
(9183, 219, 2, '0.763171'),
(9184, 220, 1, '2132.083333'),
(9185, 220, 2, '1.537060'),
(9186, 221, 1, '-557.500000'),
(9187, 221, 2, '0.859093'),
(9188, 222, 1, '-852.958333'),
(9189, 222, 2, '0.785201'),
(9190, 223, 1, '1160.250000'),
(9191, 223, 2, '1.302404'),
(9192, 224, 1, '-1160.875000'),
(9193, 224, 2, '0.694657'),
(9194, 225, 1, '-325.666667'),
(9195, 225, 2, '0.914895'),
(9196, 226, 1, '172.416667'),
(9197, 226, 2, '1.045666'),
(9198, 227, 1, '853.416667'),
(9199, 227, 2, '1.233583'),
(9200, 228, 1, '468.291667'),
(9201, 228, 2, '1.128064'),
(9202, 229, 1, '-794.833333'),
(9203, 229, 2, '0.784296'),
(9204, 230, 1, '108.500000'),
(9205, 230, 2, '1.030227'),
(9206, 231, 1, '-659.958333'),
(9207, 231, 2, '0.812935'),
(9208, 232, 1, '1685.083333'),
(9209, 232, 2, '1.489435'),
(9210, 233, 1, '-1852.750000'),
(9211, 233, 2, '0.438178'),
(9212, 234, 1, '1973.083333'),
(9213, 234, 2, '1.621656'),
(9214, 235, 1, NULL),
(9215, 235, 2, NULL),
(9216, 236, 1, NULL),
(9217, 236, 2, NULL),
(9218, 237, 1, NULL),
(9219, 237, 2, NULL),
(9220, 238, 1, NULL),
(9221, 238, 2, NULL),
(9222, 239, 1, NULL),
(9223, 239, 2, NULL),
(9224, 240, 1, NULL),
(9225, 240, 2, NULL),
(9226, 241, 1, NULL),
(9227, 241, 2, NULL),
(9228, 242, 1, NULL),
(9229, 242, 2, NULL),
(9230, 243, 1, NULL),
(9231, 243, 2, NULL),
(9232, 244, 1, NULL),
(9233, 244, 2, NULL),
(9234, 245, 1, NULL),
(9235, 245, 2, NULL),
(9236, 246, 1, NULL),
(9237, 246, 2, NULL),
(9238, 247, 1, '16789.291667'),
(9239, 247, 2, '4.348677'),
(9240, 248, 1, '-2387.500000'),
(9241, 248, 2, '0.509804'),
(9242, 249, 1, '-813.666667'),
(9243, 249, 2, '0.837386'),
(9244, 250, 1, '-1988.625000'),
(9245, 250, 2, '0.611947'),
(9246, 251, 1, '-3537.291667'),
(9247, 251, 2, '0.324079'),
(9248, 252, 1, '3577.500000'),
(9249, 252, 2, '1.692174'),
(9250, 253, 1, '-3323.958333'),
(9251, 253, 2, '0.276135'),
(9252, 254, 1, '-815.458333'),
(9253, 254, 2, '0.805076'),
(9254, 255, 1, '225.875000'),
(9255, 255, 2, '1.053549'),
(9256, 256, 1, '-1098.500000'),
(9257, 256, 2, '0.737232'),
(9258, 257, 1, '763.666667'),
(9259, 257, 2, '1.181422'),
(9260, 258, 1, '-2981.458333'),
(9261, 258, 2, '0.289699'),
(9262, 259, 1, '7005.333333'),
(9263, 259, 2, '2.670057'),
(9264, 260, 1, '-948.250000'),
(9265, 260, 2, '0.775841'),
(9266, 261, 1, '78.916667'),
(9267, 261, 2, '1.019043'),
(9268, 262, 1, '-1915.625000'),
(9269, 262, 2, '0.534548'),
(9270, 263, 1, '-780.000000'),
(9271, 263, 2, '0.809942'),
(9272, 264, 1, '2780.583333'),
(9273, 264, 2, '1.686154'),
(9274, 265, 1, '-1568.083333'),
(9275, 265, 2, '0.665089'),
(9276, 266, 1, '-2894.458333'),
(9277, 266, 2, '0.450815'),
(9278, 267, 1, '-1749.458333'),
(9279, 267, 2, '0.658139'),
(9280, 268, 1, '-1554.541667'),
(9281, 268, 2, '0.690918'),
(9282, 269, 1, '-679.208333'),
(9283, 269, 2, '0.863618'),
(9284, 270, 1, '-4338.833333'),
(9285, 270, 2, '0.130291'),
(9286, 271, 1, '21789.791667'),
(9287, 271, 2, '5.282409'),
(9288, 272, 1, '-3437.041667'),
(9289, 272, 2, '0.334170'),
(9290, 273, 1, '-3057.041667'),
(9291, 273, 2, '0.408128'),
(9292, 274, 1, '-2979.458333'),
(9293, 274, 2, '0.425310'),
(9294, 275, 1, '-3112.000000'),
(9295, 275, 2, '0.406899'),
(9296, 276, 1, '2061.250000'),
(9297, 276, 2, '1.334198'),
(9298, 277, 1, '-2326.375000'),
(9299, 277, 2, '0.638165'),
(9300, 278, 1, '-2728.291667'),
(9301, 278, 2, '0.536579'),
(9302, 279, 1, '-3400.625000'),
(9303, 279, 2, '0.438621'),
(9304, 280, 1, '-1501.666667'),
(9305, 280, 2, '0.755972'),
(9306, 281, 1, '-1685.000000'),
(9307, 281, 2, '0.732964'),
(9308, 282, 1, '16112.291667'),
(9309, 282, 2, '3.552762'),
(9310, 283, 1, '5233.500000'),
(9311, 283, 2, '1.851045'),
(9312, 284, 1, '-1887.458333'),
(9313, 284, 2, '0.690452'),
(9314, 285, 1, '-2396.708333'),
(9315, 285, 2, '0.607593'),
(9316, 286, 1, '-3166.916667'),
(9317, 286, 2, '0.478604'),
(9318, 287, 1, '-694.750000'),
(9319, 287, 2, '0.881840'),
(9320, 288, 1, '300.041667'),
(9321, 288, 2, '1.060985'),
(9322, 289, 1, '-594.000000'),
(9323, 289, 2, '0.844217'),
(9324, 290, 1, '-712.916667'),
(9325, 290, 2, '0.796711'),
(9326, 291, 1, '-204.250000'),
(9327, 291, 2, '0.941176'),
(9328, 292, 1, '-239.708333'),
(9329, 292, 2, '0.930914'),
(9330, 293, 1, '-2056.583333'),
(9331, 293, 2, '0.402778'),
(9332, 294, 1, '-970.041667'),
(9333, 294, 2, '0.730322'),
(9334, 295, 1, NULL),
(9335, 295, 2, NULL),
(9336, 296, 1, NULL),
(9337, 296, 2, NULL),
(9338, 297, 1, NULL),
(9339, 297, 2, NULL),
(9340, 298, 1, NULL),
(9341, 298, 2, NULL),
(9342, 299, 1, NULL),
(9343, 299, 2, NULL),
(9344, 300, 1, NULL),
(9345, 300, 2, NULL),
(9346, 301, 1, NULL),
(9347, 301, 2, NULL),
(9348, 302, 1, NULL),
(9349, 302, 2, NULL),
(9350, 303, 1, NULL),
(9351, 303, 2, NULL),
(9352, 304, 1, NULL),
(9353, 304, 2, NULL),
(9354, 305, 1, NULL),
(9355, 305, 2, NULL),
(9356, 306, 1, NULL),
(9357, 306, 2, NULL),
(9358, 307, 1, '-50.083333'),
(9359, 307, 2, '0.572242'),
(9360, 308, 1, '12.166667'),
(9361, 308, 2, '1.102384'),
(9362, 309, 1, '55.541667'),
(9363, 309, 2, '1.457290'),
(9364, 310, 1, '49.416667'),
(9365, 310, 2, '1.396656'),
(9366, 311, 1, '19.000000'),
(9367, 311, 2, '1.149606'),
(9368, 312, 1, '25.125000'),
(9369, 312, 2, '1.198030'),
(9370, 313, 1, '-29.000000'),
(9371, 313, 2, '0.775194'),
(9372, 314, 1, '-7.833333'),
(9373, 314, 2, '0.940127'),
(9374, 315, 1, '-49.458333'),
(9375, 315, 2, '0.620888'),
(9376, 316, 1, '16.625000'),
(9377, 316, 2, '1.129503'),
(9378, 317, 1, '-9.791667'),
(9379, 317, 2, '0.922160'),
(9380, 318, 1, '-11.333333'),
(9381, 318, 2, '0.908847'),
(9382, 319, 1, '-13.875000'),
(9383, 319, 2, '0.890640'),
(9384, 320, 1, '-3.458333'),
(9385, 320, 2, '0.973891'),
(9386, 321, 1, '29.750000'),
(9387, 321, 2, '1.212121'),
(9388, 322, 1, '-18.125000'),
(9389, 322, 2, '0.878458'),
(9390, 323, 1, '-30.041667'),
(9391, 323, 2, '0.808703'),
(9392, 324, 1, '-27.833333'),
(9393, 324, 2, '0.830112'),
(9394, 325, 1, '8.500000'),
(9395, 325, 2, '1.050445'),
(9396, 326, 1, '2.458333'),
(9397, 326, 2, '1.013847'),
(9398, 327, 1, '26.166667'),
(9399, 327, 2, '1.141569'),
(9400, 328, 1, '38.000000'),
(9401, 328, 2, '1.200000'),
(9402, 329, 1, '22.708333'),
(9403, 329, 2, '1.113376'),
(9404, 330, 1, '-37.500000'),
(9405, 330, 2, '0.818402'),
(9406, 331, 1, '-35.208333'),
(9407, 331, 2, '0.827586'),
(9408, 332, 1, '92.041667'),
(9409, 332, 2, '1.464955'),
(9410, 333, 1, '-5.708333'),
(9411, 333, 2, '0.969910'),
(9412, 334, 1, '58.000000'),
(9413, 334, 2, '1.316940'),
(9414, 335, 1, '82.791667'),
(9415, 335, 2, '1.456887'),
(9416, 336, 1, '-32.833333'),
(9417, 336, 2, '0.818433'),
(9418, 337, 1, '-72.125000'),
(9419, 337, 2, '0.603981'),
(9420, 338, 1, '-92.833333'),
(9421, 338, 2, '0.510975'),
(9422, 339, 1, '-97.166667'),
(9423, 339, 2, '0.496980'),
(9424, 340, 1, '-4.708333'),
(9425, 340, 2, '0.974782'),
(9426, 341, 1, '48.875000'),
(9427, 341, 2, '1.275935'),
(9428, 342, 1, '-15.416667'),
(9429, 342, 2, '0.910585'),
(9430, 343, 1, '36.875000'),
(9431, 343, 2, '1.210564'),
(9432, 344, 1, '255.083333'),
(9433, 344, 2, '2.441828'),
(9434, 345, 1, '-56.833333'),
(9435, 345, 2, '0.682199'),
(9436, 346, 1, '-29.208333'),
(9437, 346, 2, '0.835175'),
(9438, 347, 1, '-41.000000'),
(9439, 347, 2, '0.755952'),
(9440, 348, 1, '13.500000'),
(9441, 348, 2, '1.085174'),
(9442, 349, 1, '2.000000'),
(9443, 349, 2, '1.013423'),
(9444, 350, 1, '-31.666667'),
(9445, 350, 2, '0.757653'),
(9446, 351, 1, '25.083333'),
(9447, 351, 2, '1.218274'),
(9448, 352, 1, '-9.458333'),
(9449, 352, 2, '0.912793'),
(9450, 353, 1, '-14.541667'),
(9451, 353, 2, '0.858188'),
(9452, 354, 1, '-29.250000'),
(9453, 354, 2, '0.696104'),
(9454, 355, 1, NULL),
(9455, 355, 2, NULL),
(9456, 356, 1, NULL),
(9457, 356, 2, NULL),
(9458, 357, 1, NULL),
(9459, 357, 2, NULL),
(9460, 358, 1, NULL),
(9461, 358, 2, NULL),
(9462, 359, 1, NULL),
(9463, 359, 2, NULL),
(9464, 360, 1, NULL),
(9465, 360, 2, NULL);

-- --------------------------------------------------------

--
-- Table structure for table `calculate_smoothed`
--

CREATE TABLE `calculate_smoothed` (
  `id_calculate_smoothed` int(4) NOT NULL,
  `id_data_pengunjung` int(4) DEFAULT NULL,
  `id_method_type` int(4) DEFAULT NULL,
  `smoothed` decimal(20,6) DEFAULT NULL
) ENGINE=InnoDB DEFAULT CHARSET=latin1;

--
-- Dumping data for table `calculate_smoothed`
--

INSERT INTO `calculate_smoothed` (`id_calculate_smoothed`, `id_data_pengunjung`, `id_method_type`, `smoothed`) VALUES
(5073, 1, 1, '73471.968750'),
(5074, 2, 1, '60847.875000'),
(5075, 3, 1, '47174.645833'),
(5076, 4, 1, '25261.229167'),
(5077, 5, 1, '75664.854167'),
(5078, 6, 1, '28994.197917'),
(5079, 7, 1, '37110.864583'),
(5080, 8, 1, '67963.947917'),
(5081, 9, 1, '47740.593750'),
(5082, 10, 1, '30643.333333'),
(5083, 11, 1, '54483.437500'),
(5084, 12, 1, '62277.302083'),
(5085, 13, 1, '71666.968750'),
(5086, 14, 1, '77282.875000'),
(5087, 15, 1, '68341.645833'),
(5088, 16, 1, '50327.229167'),
(5089, 17, 1, '114664.854167'),
(5090, 18, 1, '-3302.802083'),
(5091, 19, 1, '72045.864583'),
(5092, 20, 1, '79778.947917'),
(5093, 21, 1, '72545.593750'),
(5094, 22, 1, '74569.333333'),
(5095, 23, 1, '57224.437500'),
(5096, 24, 1, '104231.302083'),
(5097, 25, 1, '96538.968750'),
(5098, 26, 1, '82393.875000'),
(5099, 27, 1, '82719.645833'),
(5100, 28, 1, '76454.229167'),
(5101, 29, 1, '114164.854167'),
(5102, 30, 1, '43503.197917'),
(5103, 31, 1, '158909.864583'),
(5104, 32, 1, '83941.947917'),
(5105, 33, 1, '76244.593750'),
(5106, 34, 1, '60973.333333'),
(5107, 35, 1, '72742.437500'),
(5108, 36, 1, '83284.302083'),
(5109, 37, 1, '99832.968750'),
(5110, 38, 1, '107124.875000'),
(5111, 39, 1, '111078.645833'),
(5112, 40, 1, '112833.229167'),
(5113, 41, 1, '110485.854167'),
(5114, 42, 1, '126375.197917'),
(5115, 43, 1, '65288.864583'),
(5116, 44, 1, '104672.947917'),
(5117, 45, 1, '144426.593750'),
(5118, 46, 1, '182385.333333'),
(5119, 47, 1, '167939.437500'),
(5120, 48, 1, '110067.302083'),
(5121, 49, 1, '101314.968750'),
(5122, 50, 1, '105060.875000'),
(5123, 51, 1, '113351.645833'),
(5124, 52, 1, '141819.229167'),
(5125, 53, 1, '50748.854167'),
(5126, 54, 1, '233201.197917'),
(5127, 55, 1, '60751.864583'),
(5128, 56, 1, '104529.947917'),
(5129, 57, 1, '98272.593750'),
(5130, 58, 1, '122727.333333'),
(5131, 59, 1, '169531.437500'),
(5132, 60, 1, '180326.302083'),
(5133, 1, 2, '68087.092906'),
(5134, 2, 2, '45142.642022'),
(5135, 3, 2, '38603.688857'),
(5136, 4, 2, '34394.007761'),
(5137, 5, 2, '62898.076231'),
(5138, 6, 2, '47230.229254'),
(5139, 7, 2, '49316.953513'),
(5140, 8, 2, '59256.858841'),
(5141, 9, 2, '50489.858551'),
(5142, 10, 2, '45718.959969'),
(5143, 11, 2, '56128.620279'),
(5144, 12, 2, '64962.531473'),
(5145, 13, 2, '66066.388806'),
(5146, 14, 2, '68578.827435'),
(5147, 15, 2, '63486.428345'),
(5148, 16, 2, '57014.709864'),
(5149, 17, 2, '108176.889229'),
(5150, 18, 2, '17609.764106'),
(5151, 19, 2, '72540.534073'),
(5152, 20, 2, '76049.523793'),
(5153, 21, 2, '74889.339183'),
(5154, 22, 2, '81154.098403'),
(5155, 23, 2, '59115.506746'),
(5156, 24, 2, '98045.864347'),
(5157, 25, 2, '93910.683759'),
(5158, 26, 2, '75867.074691'),
(5159, 27, 2, '80388.399732'),
(5160, 28, 2, '80592.906777'),
(5161, 29, 2, '107596.391627'),
(5162, 30, 2, '60536.831380'),
(5163, 31, 2, '130284.719037'),
(5164, 32, 2, '81966.397614'),
(5165, 33, 2, '78527.866853'),
(5166, 34, 2, '70186.194607'),
(5167, 35, 2, '76025.577599'),
(5168, 36, 2, '81527.854772'),
(5169, 37, 2, '97598.328805'),
(5170, 38, 2, '111133.293215'),
(5171, 39, 2, '113725.651545'),
(5172, 40, 2, '113422.976266'),
(5173, 41, 2, '103325.090267'),
(5174, 42, 2, '136541.017149'),
(5175, 43, 2, '68048.714011'),
(5176, 44, 2, '111431.377482'),
(5177, 45, 2, '145595.207649'),
(5178, 46, 2, '168129.349630'),
(5179, 47, 2, '179762.400319'),
(5180, 48, 2, '102647.912558'),
(5181, 49, 2, '99257.433224'),
(5182, 50, 2, '108190.044862'),
(5183, 51, 2, '116397.663019'),
(5184, 52, 2, '139581.265229'),
(5185, 53, 2, '33970.719701'),
(5186, 54, 2, '234514.073779'),
(5187, 55, 2, '65032.673221'),
(5188, 56, 2, '111228.131516'),
(5189, 57, 2, '100195.746690'),
(5190, 58, 2, '120003.194535'),
(5191, 59, 2, '181497.213620'),
(5192, 60, 2, '158051.494680'),
(5193, 61, 1, '647.489583'),
(5194, 62, 1, '854.416667'),
(5195, 63, 1, '880.791667'),
(5196, 64, 1, '508.041667'),
(5197, 65, 1, '789.083333'),
(5198, 66, 1, '472.791667'),
(5199, 67, 1, '190.708333'),
(5200, 68, 1, '244.447917'),
(5201, 69, 1, '247.177083'),
(5202, 70, 1, '570.854167'),
(5203, 71, 1, '323.645833'),
(5204, 72, 1, '343.020833'),
(5205, 73, 1, '416.489583'),
(5206, 74, 1, '428.416667'),
(5207, 75, 1, '589.791667'),
(5208, 76, 1, '429.041667'),
(5209, 77, 1, '755.083333'),
(5210, 78, 1, '396.791667'),
(5211, 79, 1, '500.708333'),
(5212, 80, 1, '544.447917'),
(5213, 81, 1, '566.177083'),
(5214, 82, 1, '325.854167'),
(5215, 83, 1, '506.645833'),
(5216, 84, 1, '464.020833'),
(5217, 85, 1, '486.489583'),
(5218, 86, 1, '575.416667'),
(5219, 87, 1, '300.791667'),
(5220, 88, 1, '424.041667'),
(5221, 89, 1, '527.083333'),
(5222, 90, 1, '699.791667'),
(5223, 91, 1, '608.708333'),
(5224, 92, 1, '552.447917'),
(5225, 93, 1, '623.177083'),
(5226, 94, 1, '506.854167'),
(5227, 95, 1, '552.645833'),
(5228, 96, 1, '565.020833'),
(5229, 97, 1, '634.489583'),
(5230, 98, 1, '501.416667'),
(5231, 99, 1, '521.791667'),
(5232, 100, 1, '710.041667'),
(5233, 101, 1, '549.083333'),
(5234, 102, 1, '539.791667'),
(5235, 103, 1, '801.708333'),
(5236, 104, 1, '746.447917'),
(5237, 105, 1, '636.177083'),
(5238, 106, 1, '669.854167'),
(5239, 107, 1, '681.645833'),
(5240, 108, 1, '687.020833'),
(5241, 109, 1, '547.489583'),
(5242, 110, 1, '617.416667'),
(5243, 111, 1, '755.791667'),
(5244, 112, 1, '650.041667'),
(5245, 113, 1, '435.083333'),
(5246, 114, 1, '694.791667'),
(5247, 115, 1, '589.708333'),
(5248, 116, 1, '750.447917'),
(5249, 117, 1, '833.177083'),
(5250, 118, 1, '1064.854167'),
(5251, 119, 1, '1105.645833'),
(5252, 120, 1, '1117.020833'),
(5253, 61, 2, '640.118558'),
(5254, 62, 2, '877.344628'),
(5255, 63, 2, '907.690644'),
(5256, 64, 2, '514.639590'),
(5257, 65, 2, '832.813390'),
(5258, 66, 2, '408.067807'),
(5259, 67, 2, '182.542334'),
(5260, 68, 2, '247.373852'),
(5261, 69, 2, '241.931224'),
(5262, 70, 2, '550.660793'),
(5263, 71, 2, '338.686408'),
(5264, 72, 2, '371.391919'),
(5265, 73, 2, '416.077063'),
(5266, 74, 2, '417.062840'),
(5267, 75, 2, '596.207180'),
(5268, 76, 2, '439.349724'),
(5269, 77, 2, '786.696688'),
(5270, 78, 2, '285.486173'),
(5271, 79, 2, '513.467034'),
(5272, 80, 2, '557.884964'),
(5273, 81, 2, '578.944588'),
(5274, 82, 2, '359.567458'),
(5275, 83, 2, '511.813817'),
(5276, 84, 2, '474.461695'),
(5277, 85, 2, '483.968425'),
(5278, 86, 2, '575.892471'),
(5279, 87, 2, '286.864496'),
(5280, 88, 2, '434.584543'),
(5281, 89, 2, '477.443507'),
(5282, 90, 2, '774.199792'),
(5283, 91, 2, '628.756929'),
(5284, 92, 2, '566.165260'),
(5285, 93, 2, '639.163277'),
(5286, 94, 2, '500.742534'),
(5287, 95, 2, '555.332182'),
(5288, 96, 2, '560.495144'),
(5289, 97, 2, '627.510162'),
(5290, 98, 2, '495.937419'),
(5291, 99, 2, '523.420666'),
(5292, 100, 2, '707.152918'),
(5293, 101, 2, '507.283726'),
(5294, 102, 2, '516.133195'),
(5295, 103, 2, '834.784242'),
(5296, 104, 2, '766.962446'),
(5297, 105, 2, '652.897364'),
(5298, 106, 2, '627.878100'),
(5299, 107, 2, '677.372815'),
(5300, 108, 2, '664.416736'),
(5301, 109, 2, '543.130897'),
(5302, 110, 2, '621.272366'),
(5303, 111, 2, '773.891906'),
(5304, 112, 2, '649.970742'),
(5305, 113, 2, '352.657136'),
(5306, 114, 2, '766.135211'),
(5307, 115, 2, '608.474448'),
(5308, 116, 2, '771.102594'),
(5309, 117, 2, '861.021605'),
(5310, 118, 2, '935.967353'),
(5311, 119, 2, '1078.498616'),
(5312, 120, 2, '1030.697757'),
(5313, 121, 1, '17495.416667'),
(5314, 122, 1, '20881.666667'),
(5315, 123, 1, '16690.916667'),
(5316, 124, 1, '12684.635417'),
(5317, 125, 1, '23683.656250'),
(5318, 126, 1, '17995.385417'),
(5319, 127, 1, '15260.041667'),
(5320, 128, 1, '14226.104167'),
(5321, 129, 1, '14200.375000'),
(5322, 130, 1, '12594.822917'),
(5323, 131, 1, '16486.729167'),
(5324, 132, 1, '16623.312500'),
(5325, 133, 1, '20925.416667'),
(5326, 134, 1, '18732.666667'),
(5327, 135, 1, '18342.916667'),
(5328, 136, 1, '16086.635417'),
(5329, 137, 1, '24928.656250'),
(5330, 138, 1, '4969.385417'),
(5331, 139, 1, '26730.041667'),
(5332, 140, 1, '21178.104167'),
(5333, 141, 1, '18724.375000'),
(5334, 142, 1, '19684.822917'),
(5335, 143, 1, '13418.729167'),
(5336, 144, 1, '21143.312500'),
(5337, 145, 1, '22007.416667'),
(5338, 146, 1, '20880.666667'),
(5339, 147, 1, '21500.916667'),
(5340, 148, 1, '20655.635417'),
(5341, 149, 1, '27199.656250'),
(5342, 150, 1, '13879.385417'),
(5343, 151, 1, '19119.041667'),
(5344, 152, 1, '20656.104167'),
(5345, 153, 1, '22686.375000'),
(5346, 154, 1, '22500.822917'),
(5347, 155, 1, '24398.729167'),
(5348, 156, 1, '21641.312500'),
(5349, 157, 1, '19310.416667'),
(5350, 158, 1, '22033.666667'),
(5351, 159, 1, '23241.916667'),
(5352, 160, 1, '25965.635417'),
(5353, 161, 1, '25567.656250'),
(5354, 162, 1, '27939.385417'),
(5355, 163, 1, '20206.041667'),
(5356, 164, 1, '25471.104167'),
(5357, 165, 1, '26169.375000'),
(5358, 166, 1, '27588.822917'),
(5359, 167, 1, '27811.729167'),
(5360, 168, 1, '22983.312500'),
(5361, 169, 1, '21293.416667'),
(5362, 170, 1, '22273.666667'),
(5363, 171, 1, '21276.916667'),
(5364, 172, 1, '22229.635417'),
(5365, 173, 1, '8057.656250'),
(5366, 174, 1, '40229.385417'),
(5367, 175, 1, '20516.041667'),
(5368, 176, 1, '18186.104167'),
(5369, 177, 1, '20848.375000'),
(5370, 178, 1, '19743.822917'),
(5371, 179, 1, '28923.729167'),
(5372, 180, 1, '34520.312500'),
(5373, 121, 2, '16710.006001'),
(5374, 122, 2, '20758.853116'),
(5375, 123, 2, '16196.015567'),
(5376, 124, 2, '14395.930931'),
(5377, 125, 2, '23730.995093'),
(5378, 126, 2, '18512.227486'),
(5379, 127, 2, '14881.049207'),
(5380, 128, 2, '13315.336651'),
(5381, 129, 2, '14790.598914'),
(5382, 130, 2, '14293.569240'),
(5383, 131, 2, '16858.568981'),
(5384, 132, 2, '17357.112342'),
(5385, 133, 2, '20479.758736'),
(5386, 134, 2, '18007.139857'),
(5387, 135, 2, '18008.617540'),
(5388, 136, 2, '17145.170688'),
(5389, 137, 2, '25225.813656'),
(5390, 138, 2, '3662.773996'),
(5391, 139, 2, '26542.293615'),
(5392, 140, 2, '21539.236829'),
(5393, 141, 2, '19018.620491'),
(5394, 142, 2, '20077.565925'),
(5395, 143, 2, '13883.299213'),
(5396, 144, 2, '20939.657106'),
(5397, 145, 2, '21668.934380'),
(5398, 146, 2, '20757.572653'),
(5399, 147, 2, '21473.627848'),
(5400, 148, 2, '20837.491808'),
(5401, 149, 2, '27952.506793'),
(5402, 150, 2, '13820.046420'),
(5403, 151, 2, '18804.392029'),
(5404, 152, 2, '20921.734543'),
(5405, 153, 2, '22721.410387'),
(5406, 154, 2, '22374.848670'),
(5407, 155, 2, '24531.428954'),
(5408, 156, 2, '21334.371109'),
(5409, 157, 2, '18704.787696'),
(5410, 158, 2, '22233.945565'),
(5411, 159, 2, '23383.882106'),
(5412, 160, 2, '25128.633227'),
(5413, 161, 2, '25993.033785'),
(5414, 162, 2, '29848.245106'),
(5415, 163, 2, '19909.516063'),
(5416, 164, 2, '26617.660802'),
(5417, 165, 2, '25976.538405'),
(5418, 166, 2, '26525.620903'),
(5419, 167, 2, '27841.271104'),
(5420, 168, 2, '22398.038160'),
(5421, 169, 2, '20884.210341'),
(5422, 170, 2, '22541.256492'),
(5423, 171, 2, '21227.851310'),
(5424, 172, 2, '22109.479867'),
(5425, 173, 2, '4969.521310'),
(5426, 174, 2, '43858.669135'),
(5427, 175, 2, '20224.684831'),
(5428, 176, 2, '17999.836752'),
(5429, 177, 2, '21003.659799'),
(5430, 178, 2, '20125.697914'),
(5431, 179, 2, '28919.660928'),
(5432, 180, 2, '31542.245891'),
(5433, 181, 1, '5534.114583'),
(5434, 182, 1, '2297.979167'),
(5435, 183, 1, '4437.593750'),
(5436, 184, 1, '2513.677083'),
(5437, 185, 1, '4688.083333'),
(5438, 186, 1, '8232.812500'),
(5439, 187, 1, '-857.375000'),
(5440, 188, 1, '4823.656250'),
(5441, 189, 1, '3593.520834'),
(5442, 190, 1, '3102.854167'),
(5443, 191, 1, '3039.218750'),
(5444, 192, 1, '2435.833333'),
(5445, 193, 1, '3011.114583'),
(5446, 194, 1, '4074.979167'),
(5447, 195, 1, '3456.593750'),
(5448, 196, 1, '2576.677083'),
(5449, 197, 1, '5216.083333'),
(5450, 198, 1, '2616.812500'),
(5451, 199, 1, '553.625000'),
(5452, 200, 1, '4407.656250'),
(5453, 201, 1, '3858.520834'),
(5454, 202, 1, '4061.854167'),
(5455, 203, 1, '3966.218750'),
(5456, 204, 1, '6506.833333'),
(5457, 205, 1, '5727.114583'),
(5458, 206, 1, '4595.979167'),
(5459, 207, 1, '4926.593750'),
(5460, 208, 1, '3978.677083'),
(5461, 209, 1, '6723.083333'),
(5462, 210, 1, '1936.812500'),
(5463, 211, 1, '15623.625000'),
(5464, 212, 1, '3537.656250'),
(5465, 213, 1, '4906.520834'),
(5466, 214, 1, '5861.854167'),
(5467, 215, 1, '3861.218750'),
(5468, 216, 1, '4500.833333'),
(5469, 217, 1, '4664.114583'),
(5470, 218, 1, '3407.979167'),
(5471, 219, 1, '4063.593750'),
(5472, 220, 1, '5321.677083'),
(5473, 221, 1, '3115.083333'),
(5474, 222, 1, '4821.812500'),
(5475, 223, 1, '1281.625000'),
(5476, 224, 1, '3807.656250'),
(5477, 225, 1, '4273.520834'),
(5478, 226, 1, '3655.854167'),
(5479, 227, 1, '5745.218750'),
(5480, 228, 1, '2963.833333'),
(5481, 229, 1, '2980.114583'),
(5482, 230, 1, '4254.979167'),
(5483, 231, 1, '3811.593750'),
(5484, 232, 1, '4347.677083'),
(5485, 233, 1, '1161.083333'),
(5486, 234, 1, '6850.812500'),
(5487, 235, 1, '-72.375000'),
(5488, 236, 1, '2873.656250'),
(5489, 237, 1, '3730.520834'),
(5490, 238, 1, '2157.854167'),
(5491, 239, 1, '3759.218750'),
(5492, 240, 1, '1977.833333'),
(5493, 181, 2, '5658.331956'),
(5494, 182, 2, '1949.171518'),
(5495, 183, 2, '4512.299697'),
(5496, 184, 2, '2677.609043'),
(5497, 185, 2, '4731.542985'),
(5498, 186, 2, '9639.461407'),
(5499, 187, 2, '1684.138573'),
(5500, 188, 2, '4860.440111'),
(5501, 189, 2, '3451.828576'),
(5502, 190, 2, '3205.231088'),
(5503, 191, 2, '2490.031578'),
(5504, 192, 2, '2818.755657'),
(5505, 193, 2, '3036.000669'),
(5506, 194, 2, '3938.647559'),
(5507, 195, 2, '3245.394716'),
(5508, 196, 2, '2728.820145'),
(5509, 197, 2, '5234.007727'),
(5510, 198, 2, '1347.959606'),
(5511, 199, 2, '2515.600969'),
(5512, 200, 2, '4307.543451'),
(5513, 201, 2, '3776.087552'),
(5514, 202, 2, '4110.626262'),
(5515, 203, 2, '3771.685811'),
(5516, 204, 2, '6008.957013'),
(5517, 205, 2, '5858.930426'),
(5518, 206, 2, '4521.943574'),
(5519, 207, 2, '5143.815024'),
(5520, 208, 2, '3868.470381'),
(5521, 209, 2, '6668.125845'),
(5522, 210, 2, '344.002835'),
(5523, 211, 2, '11395.925775'),
(5524, 212, 2, '3151.245147'),
(5525, 213, 2, '5058.440033'),
(5526, 214, 2, '5810.012406'),
(5527, 215, 2, '3626.514619'),
(5528, 216, 2, '4436.973736'),
(5529, 217, 2, '4754.079788'),
(5530, 218, 2, '3191.894313'),
(5531, 219, 2, '4029.300245'),
(5532, 220, 2, '4960.161014'),
(5533, 221, 2, '3234.616775'),
(5534, 222, 2, '4603.437076'),
(5535, 223, 2, '2944.590780'),
(5536, 224, 2, '3510.096345'),
(5537, 225, 2, '4283.889346'),
(5538, 226, 2, '3727.320276'),
(5539, 227, 2, '6231.300568'),
(5540, 228, 2, '3232.517955'),
(5541, 229, 2, '3003.780190'),
(5542, 230, 2, '4140.170175'),
(5543, 231, 2, '3703.856764'),
(5544, 232, 2, '4168.421121'),
(5545, 233, 2, '1375.116576'),
(5546, 234, 2, '7599.066911'),
(5547, 235, 2, '2146.716873'),
(5548, 236, 2, '2268.737017'),
(5549, 237, 2, '3619.464349'),
(5550, 238, 2, '2313.053363'),
(5551, 239, 2, '3485.491176'),
(5552, 240, 2, '2459.848209'),
(5553, 241, 1, '7880.104167'),
(5554, 242, 1, '3933.781250'),
(5555, 243, 1, '3752.114583'),
(5556, 244, 1, '3251.604167'),
(5557, 245, 1, '4208.281250'),
(5558, 246, 1, '2494.510416'),
(5559, 247, 1, '9098.520833'),
(5560, 248, 1, '4648.062500'),
(5561, 249, 1, '5737.125000'),
(5562, 250, 1, '5648.656250'),
(5563, 251, 1, '3727.010417'),
(5564, 252, 1, '6566.156250'),
(5565, 253, 1, '3221.104167'),
(5566, 254, 1, '5155.781250'),
(5567, 255, 1, '5726.114583'),
(5568, 256, 1, '4180.604167'),
(5569, 257, 1, '5887.281250'),
(5570, 258, 1, '-739.489584'),
(5571, 259, 1, '-1504.479167'),
(5572, 260, 1, '5447.062500'),
(5573, 261, 1, '5770.125000'),
(5574, 262, 1, '4712.656250'),
(5575, 263, 1, '5355.010417'),
(5576, 264, 1, '4653.156250'),
(5577, 265, 1, '5067.104167'),
(5578, 266, 1, '4163.781250'),
(5579, 267, 1, '4650.114583'),
(5580, 268, 1, '4573.604167'),
(5581, 269, 1, '5215.281250'),
(5582, 270, 1, '-1305.489584'),
(5583, 271, 1, '14173.520833'),
(5584, 272, 1, '3890.062500'),
(5585, 273, 1, '3655.125000'),
(5586, 274, 1, '4717.656250'),
(5587, 275, 1, '4166.010417'),
(5588, 276, 1, '6049.156250'),
(5589, 277, 1, '6056.104167'),
(5590, 278, 1, '4946.781250'),
(5591, 279, 1, '3939.114583'),
(5592, 280, 1, '5750.604167'),
(5593, 281, 1, '5539.281250'),
(5594, 282, 1, '20468.510416'),
(5595, 283, 1, '-1321.479167'),
(5596, 284, 1, '6375.062500'),
(5597, 285, 1, '5258.125000'),
(5598, 286, 1, '5419.656250'),
(5599, 287, 1, '7216.010417'),
(5600, 288, 1, '3040.156250'),
(5601, 289, 1, '5172.104167'),
(5602, 290, 1, '4581.781250'),
(5603, 291, 1, '4550.114583'),
(5604, 292, 1, '4328.604167'),
(5605, 293, 1, '2301.281250'),
(5606, 294, 1, '671.510416'),
(5607, 295, 1, '-8091.479167'),
(5608, 296, 1, '5799.062500'),
(5609, 297, 1, '5002.125000'),
(5610, 298, 1, '5614.656250'),
(5611, 299, 1, '6394.010417'),
(5612, 300, 1, '7545.156250'),
(5613, 241, 2, '9782.109978'),
(5614, 242, 2, '3315.335357'),
(5615, 243, 2, '3195.876155'),
(5616, 244, 2, '2764.655047'),
(5617, 245, 2, '4142.374962'),
(5618, 246, 2, '3784.757040'),
(5619, 247, 2, '6162.439334'),
(5620, 248, 2, '4299.068333'),
(5621, 249, 2, '5835.345762'),
(5622, 250, 2, '6117.806797'),
(5623, 251, 2, '2800.112269'),
(5624, 252, 2, '6059.396776'),
(5625, 253, 2, '2092.747672'),
(5626, 254, 2, '5203.191744'),
(5627, 255, 2, '5749.989326'),
(5628, 256, 2, '3957.578660'),
(5629, 257, 2, '6253.804094'),
(5630, 258, 2, '1034.216755'),
(5631, 259, 2, '3165.588247'),
(5632, 260, 2, '5682.457620'),
(5633, 261, 2, '5881.304332'),
(5634, 262, 2, '4291.828748'),
(5635, 263, 2, '5487.955885'),
(5636, 264, 2, '4734.033635'),
(5637, 265, 2, '5139.444993'),
(5638, 266, 2, '3670.660209'),
(5639, 267, 2, '4357.777689'),
(5640, 268, 2, '4462.227724'),
(5641, 269, 2, '5408.729420'),
(5642, 270, 2, '552.829680'),
(5643, 271, 2, '7596.846509'),
(5644, 272, 2, '2986.666482'),
(5645, 273, 2, '2935.777772'),
(5646, 274, 2, '4301.582904'),
(5647, 275, 2, '3524.905480'),
(5648, 276, 2, '5701.209247'),
(5649, 277, 2, '6771.722160'),
(5650, 278, 2, '4880.309596'),
(5651, 279, 2, '3437.831152'),
(5652, 280, 2, '5973.606726'),
(5653, 281, 2, '5816.176138'),
(5654, 282, 2, '19071.773452'),
(5655, 283, 2, '3217.311698'),
(5656, 284, 2, '7289.197617'),
(5657, 285, 2, '5168.250148'),
(5658, 286, 2, '5671.066441'),
(5659, 287, 2, '8560.484736'),
(5660, 288, 2, '3616.516256'),
(5661, 289, 2, '5312.740344'),
(5662, 290, 2, '4316.424505'),
(5663, 291, 2, '4228.389990'),
(5664, 292, 2, '4147.624618'),
(5665, 293, 2, '1744.224066'),
(5666, 294, 2, '2234.282414'),
(5667, 295, 2, '1303.826659'),
(5668, 296, 2, '6291.910722'),
(5669, 297, 2, '4811.723056'),
(5670, 298, 2, '6051.478535'),
(5671, 299, 2, '7203.354851'),
(5672, 300, 2, '6737.666779'),
(5673, 301, 1, '134.656250'),
(5674, 302, 1, '101.468750'),
(5675, 303, 1, '95.843750'),
(5676, 304, 1, '68.885416'),
(5677, 305, 1, '112.187500'),
(5678, 306, 1, '131.375000'),
(5679, 307, 1, '82.572917'),
(5680, 308, 1, '42.041666'),
(5681, 309, 1, '171.312500'),
(5682, 310, 1, '158.979166'),
(5683, 311, 1, '138.312500'),
(5684, 312, 1, '157.510417'),
(5685, 313, 1, '122.656250'),
(5686, 314, 1, '155.468750'),
(5687, 315, 1, '104.843750'),
(5688, 316, 1, '134.885416'),
(5689, 317, 1, '104.187500'),
(5690, 318, 1, '136.375000'),
(5691, 319, 1, '128.572917'),
(5692, 320, 1, '40.041666'),
(5693, 321, 1, '164.312500'),
(5694, 322, 1, '115.979166'),
(5695, 323, 1, '119.312500'),
(5696, 324, 1, '141.510417'),
(5697, 325, 1, '199.656250'),
(5698, 326, 1, '212.468750'),
(5699, 327, 1, '234.843750'),
(5700, 328, 1, '217.885416'),
(5701, 329, 1, '211.187500'),
(5702, 330, 1, '192.375000'),
(5703, 331, 1, '184.572917'),
(5704, 332, 1, '201.041666'),
(5705, 333, 1, '178.312500'),
(5706, 334, 1, '225.979166'),
(5707, 335, 1, '256.312500'),
(5708, 336, 1, '153.510417'),
(5709, 337, 1, '132.656250'),
(5710, 338, 1, '129.468750'),
(5711, 339, 1, '119.843750'),
(5712, 340, 1, '171.885416'),
(5713, 341, 1, '214.187500'),
(5714, 342, 1, '180.375000'),
(5715, 343, 1, '227.572917'),
(5716, 344, 1, '343.041666'),
(5717, 345, 1, '116.312500'),
(5718, 346, 1, '132.979166'),
(5719, 347, 1, '119.312500'),
(5720, 348, 1, '177.510417'),
(5721, 349, 1, '173.656250'),
(5722, 350, 1, '131.468750'),
(5723, 351, 1, '163.843750'),
(5724, 352, 1, '88.885416'),
(5725, 353, 1, '76.187500'),
(5726, 354, 1, '90.375000'),
(5727, 355, 1, '89.572917'),
(5728, 356, 1, '41.041666'),
(5729, 357, 1, '40.312500'),
(5730, 358, 1, '53.979166'),
(5731, 359, 1, '56.312500'),
(5732, 360, 1, '89.510417'),
(5733, 301, 2, '130.117419'),
(5734, 302, 2, '85.645025'),
(5735, 303, 2, '82.813068'),
(5736, 304, 2, '74.933366'),
(5737, 305, 2, '118.954543'),
(5738, 306, 2, '129.576417'),
(5739, 307, 2, '76.548858'),
(5740, 308, 2, '87.580603'),
(5741, 309, 2, '163.831245'),
(5742, 310, 2, '157.208980'),
(5743, 311, 2, '140.009417'),
(5744, 312, 2, '154.638598'),
(5745, 313, 2, '116.176267'),
(5746, 314, 2, '152.671566'),
(5747, 315, 2, '93.164701'),
(5748, 316, 2, '137.535925'),
(5749, 317, 2, '111.280056'),
(5750, 318, 2, '135.575325'),
(5751, 319, 2, '129.104790'),
(5752, 320, 2, '86.243494'),
(5753, 321, 2, '157.352043'),
(5754, 322, 2, '118.358485'),
(5755, 323, 2, '121.789013'),
(5756, 324, 2, '138.360851'),
(5757, 325, 2, '205.631993'),
(5758, 326, 2, '223.421804'),
(5759, 327, 2, '242.688296'),
(5760, 328, 2, '216.263386'),
(5761, 329, 2, '213.926315'),
(5762, 330, 2, '202.763097'),
(5763, 331, 2, '193.085924'),
(5764, 332, 2, '193.880723'),
(5765, 333, 2, '170.310446'),
(5766, 334, 2, '217.743473'),
(5767, 335, 2, '253.167713'),
(5768, 336, 2, '150.569162'),
(5769, 337, 2, '127.793894'),
(5770, 338, 2, '120.399528'),
(5771, 339, 2, '110.417424'),
(5772, 340, 2, '172.631299'),
(5773, 341, 2, '216.804248'),
(5774, 342, 2, '188.365717'),
(5775, 343, 2, '242.214296'),
(5776, 344, 2, '288.815422'),
(5777, 345, 2, '112.923231'),
(5778, 346, 2, '133.717983'),
(5779, 347, 2, '121.789013'),
(5780, 348, 2, '174.985782'),
(5781, 349, 2, '175.426164'),
(5782, 350, 2, '122.881992'),
(5783, 351, 2, '161.025410'),
(5784, 352, 2, '93.903839'),
(5785, 353, 2, '84.419353'),
(5786, 354, 2, '80.385370'),
(5787, 355, 2, '84.546499'),
(5788, 356, 2, '86.912048'),
(5789, 357, 2, '42.577612'),
(5790, 358, 2, '62.341492'),
(5791, 359, 2, '61.373991'),
(5792, 360, 2, '85.458173');

-- --------------------------------------------------------

--
-- Table structure for table `coefficient_parameter`
--

CREATE TABLE `coefficient_parameter` (
  `id_coefficient_parameter` int(4) NOT NULL,
  `a` decimal(20,6) DEFAULT NULL,
  `b` decimal(20,6) DEFAULT NULL,
  `id_tourist_data_type` int(4) DEFAULT NULL,
  `id_method_type` int(4) DEFAULT NULL
) ENGINE=InnoDB DEFAULT CHARSET=latin1;

--
-- Dumping data for table `coefficient_parameter`
--

INSERT INTO `coefficient_parameter` (`id_coefficient_parameter`, `a`, `b`, `id_tourist_data_type`, `id_method_type`) VALUES
(107, '40538.244368', '1625.538026', 1, 1),
(108, '40901.524493', '1610.687320', 1, 2),
(109, '420.012376', '5.496503', 2, 1),
(110, '429.320378', '5.119801', 2, 2),
(111, '16054.210894', '158.442437', 3, 1),
(112, '16265.092097', '151.689070', 3, 2),
(113, '4209.439336', '-7.258206', 4, 1),
(114, '4243.726373', '-7.678733', 4, 2),
(115, '4859.457827', '-3.925592', 5, 1),
(116, '4491.829228', '14.634301', 5, 2),
(117, '142.688848', '-0.038034', 6, 1),
(118, '143.165130', '-0.029987', 6, 2);

-- --------------------------------------------------------

--
-- Table structure for table `data_pengunjung`
--

CREATE TABLE `data_pengunjung` (
  `id_data_pengunjung` int(4) NOT NULL,
  `data_pengunjung` int(10) DEFAULT NULL,
  `month` int(4) DEFAULT NULL,
  `year` int(4) DEFAULT NULL,
  `id_tourist_data_type` int(4) DEFAULT NULL,
  `t` int(4) DEFAULT NULL
) ENGINE=InnoDB DEFAULT CHARSET=latin1;

--
-- Dumping data for table `data_pengunjung`
--

INSERT INTO `data_pengunjung` (`id_data_pengunjung`, `data_pengunjung`, `month`, `year`, `id_tourist_data_type`, `t`) VALUES
(1, 60819, 1, 2015, 1, 1),
(2, 31657, 2, 2015, 1, 2),
(3, 32839, 3, 2015, 1, 3),
(4, 38112, 4, 2015, 1, 4),
(5, 54176, 5, 2015, 1, 5),
(6, 51498, 6, 2015, 1, 6),
(7, 74187, 7, 2015, 1, 7),
(8, 41692, 8, 2015, 1, 8),
(9, 51329, 9, 2015, 1, 9),
(10, 56674, 10, 2015, 1, 10),
(11, 51508, 11, 2015, 1, 11),
(12, 82381, 12, 2015, 1, 12),
(13, 59014, 1, 2016, 1, 13),
(14, 48092, 2, 2016, 1, 14),
(15, 54006, 3, 2016, 1, 15),
(16, 63178, 4, 2016, 1, 16),
(17, 93176, 5, 2016, 1, 17),
(18, 19201, 6, 2016, 1, 18),
(19, 109122, 7, 2016, 1, 19),
(20, 53507, 8, 2016, 1, 20),
(21, 76134, 9, 2016, 1, 21),
(22, 100600, 10, 2016, 1, 22),
(23, 54249, 11, 2016, 1, 23),
(24, 124335, 12, 2016, 1, 24),
(25, 83886, 1, 2017, 1, 25),
(26, 53203, 2, 2017, 1, 26),
(27, 68384, 3, 2017, 1, 27),
(28, 89305, 4, 2017, 1, 28),
(29, 92676, 5, 2017, 1, 29),
(30, 66007, 6, 2017, 1, 30),
(31, 195986, 7, 2017, 1, 31),
(32, 57670, 8, 2017, 1, 32),
(33, 79833, 9, 2017, 1, 33),
(34, 87004, 10, 2017, 1, 34),
(35, 69767, 11, 2017, 1, 35),
(36, 103388, 12, 2017, 1, 36),
(37, 87180, 1, 2018, 1, 37),
(38, 77934, 2, 2018, 1, 38),
(39, 96743, 3, 2018, 1, 39),
(40, 125684, 4, 2018, 1, 40),
(41, 88997, 5, 2018, 1, 41),
(42, 148879, 6, 2018, 1, 42),
(43, 102365, 7, 2018, 1, 43),
(44, 78401, 8, 2018, 1, 44),
(45, 148015, 9, 2018, 1, 45),
(46, 208416, 10, 2018, 1, 46),
(47, 164964, 11, 2018, 1, 47),
(48, 130171, 12, 2018, 1, 48),
(49, 88662, 1, 2019, 1, 49),
(50, 75870, 2, 2019, 1, 50),
(51, 99016, 3, 2019, 1, 51),
(52, 154670, 4, 2019, 1, 52),
(53, 29260, 5, 2019, 1, 53),
(54, 255705, 6, 2019, 1, 54),
(55, 97828, 7, 2019, 1, 55),
(56, 78258, 8, 2019, 1, 56),
(57, 101861, 9, 2019, 1, 57),
(58, 148758, 10, 2019, 1, 58),
(59, 166556, 11, 2019, 1, 59),
(60, 200430, 12, 2019, 1, 60),
(61, 660, 1, 2015, 2, 1),
(62, 812, 2, 2015, 2, 2),
(63, 848, 3, 2015, 2, 3),
(64, 540, 4, 2015, 2, 4),
(65, 614, 5, 2015, 2, 5),
(66, 253, 6, 2015, 2, 6),
(67, 171, 7, 2015, 2, 7),
(68, 239, 8, 2015, 2, 8),
(69, 229, 9, 2015, 2, 9),
(70, 706, 10, 2015, 2, 10),
(71, 358, 11, 2015, 2, 11),
(72, 436, 12, 2015, 2, 12),
(73, 429, 1, 2016, 2, 13),
(74, 386, 2, 2016, 2, 14),
(75, 557, 3, 2016, 2, 15),
(76, 461, 4, 2016, 2, 16),
(77, 580, 5, 2016, 2, 17),
(78, 177, 6, 2016, 2, 18),
(79, 481, 7, 2016, 2, 19),
(80, 539, 8, 2016, 2, 20),
(81, 548, 9, 2016, 2, 21),
(82, 461, 10, 2016, 2, 22),
(83, 541, 11, 2016, 2, 23),
(84, 557, 12, 2016, 2, 24),
(85, 499, 1, 2017, 2, 25),
(86, 533, 2, 2017, 2, 26),
(87, 268, 3, 2017, 2, 27),
(88, 456, 4, 2017, 2, 28),
(89, 352, 5, 2017, 2, 29),
(90, 480, 6, 2017, 2, 30),
(91, 589, 7, 2017, 2, 31),
(92, 547, 8, 2017, 2, 32),
(93, 605, 9, 2017, 2, 33),
(94, 642, 10, 2017, 2, 34),
(95, 587, 11, 2017, 2, 35),
(96, 658, 12, 2017, 2, 36),
(97, 647, 1, 2018, 2, 37),
(98, 459, 2, 2018, 2, 38),
(99, 489, 3, 2018, 2, 39),
(100, 742, 4, 2018, 2, 40),
(101, 374, 5, 2018, 2, 41),
(102, 320, 6, 2018, 2, 42),
(103, 782, 7, 2018, 2, 43),
(104, 741, 8, 2018, 2, 44),
(105, 618, 9, 2018, 2, 45),
(106, 805, 10, 2018, 2, 46),
(107, 716, 11, 2018, 2, 47),
(108, 780, 12, 2018, 2, 48),
(109, 560, 1, 2019, 2, 49),
(110, 575, 2, 2019, 2, 50),
(111, 723, 3, 2019, 2, 51),
(112, 682, 4, 2019, 2, 52),
(113, 260, 5, 2019, 2, 53),
(114, 475, 6, 2019, 2, 54),
(115, 570, 7, 2019, 2, 55),
(116, 745, 8, 2019, 2, 56),
(117, 815, 9, 2019, 2, 57),
(118, 1200, 10, 2019, 2, 58),
(119, 1140, 11, 2019, 2, 59),
(120, 1210, 12, 2019, 2, 60),
(121, 15204, 1, 2015, 3, 1),
(122, 16212, 2, 2015, 3, 2),
(123, 14761, 3, 2015, 3, 3),
(124, 17814, 4, 2015, 3, 4),
(125, 19765, 5, 2015, 3, 5),
(126, 16239, 6, 2015, 3, 6),
(127, 14637, 7, 2015, 3, 7),
(128, 11256, 8, 2015, 3, 8),
(129, 15826, 9, 2015, 3, 9),
(130, 17521, 10, 2015, 3, 10),
(131, 17384, 11, 2015, 3, 11),
(132, 21899, 12, 2015, 3, 12),
(133, 18634, 1, 2016, 3, 13),
(134, 14063, 2, 2016, 3, 14),
(135, 16413, 3, 2016, 3, 15),
(136, 21216, 4, 2016, 3, 16),
(137, 21010, 5, 2016, 3, 17),
(138, 3213, 6, 2016, 3, 18),
(139, 26107, 7, 2016, 3, 19),
(140, 18208, 8, 2016, 3, 20),
(141, 20350, 9, 2016, 3, 21),
(142, 24611, 10, 2016, 3, 22),
(143, 14316, 11, 2016, 3, 23),
(144, 26419, 12, 2016, 3, 24),
(145, 19716, 1, 2017, 3, 25),
(146, 16211, 2, 2017, 3, 26),
(147, 19571, 3, 2017, 3, 27),
(148, 25785, 4, 2017, 3, 28),
(149, 23281, 5, 2017, 3, 29),
(150, 12123, 6, 2017, 3, 30),
(151, 18496, 7, 2017, 3, 31),
(152, 17686, 8, 2017, 3, 32),
(153, 24312, 9, 2017, 3, 33),
(154, 27427, 10, 2017, 3, 34),
(155, 25296, 11, 2017, 3, 35),
(156, 26917, 12, 2017, 3, 36),
(157, 17019, 1, 2018, 3, 37),
(158, 17364, 2, 2018, 3, 38),
(159, 21312, 3, 2018, 3, 39),
(160, 31095, 4, 2018, 3, 40),
(161, 21649, 5, 2018, 3, 41),
(162, 26183, 6, 2018, 3, 42),
(163, 19583, 7, 2018, 3, 43),
(164, 22501, 8, 2018, 3, 44),
(165, 27795, 9, 2018, 3, 45),
(166, 32515, 10, 2018, 3, 46),
(167, 28709, 11, 2018, 3, 47),
(168, 28259, 12, 2018, 3, 48),
(169, 19002, 1, 2019, 3, 49),
(170, 17604, 2, 2019, 3, 50),
(171, 19347, 3, 2019, 3, 51),
(172, 27359, 4, 2019, 3, 52),
(173, 4139, 5, 2019, 3, 53),
(174, 38473, 6, 2019, 3, 54),
(175, 19893, 7, 2019, 3, 55),
(176, 15216, 8, 2019, 3, 56),
(177, 22474, 9, 2019, 3, 57),
(178, 24670, 10, 2019, 3, 58),
(179, 29821, 11, 2019, 3, 59),
(180, 39796, 12, 2019, 3, 60),
(181, 5444, 1, 2015, 4, 1),
(182, 1741, 2, 2015, 4, 2),
(183, 3494, 3, 2015, 4, 3),
(184, 3294, 4, 2015, 4, 4),
(185, 4972, 5, 2015, 4, 5),
(186, 6529, 6, 2015, 4, 6),
(187, 2858, 7, 2015, 4, 7),
(188, 3657, 8, 2015, 4, 8),
(189, 2821, 9, 2015, 4, 9),
(190, 3395, 10, 2015, 4, 10),
(191, 1801, 11, 2015, 4, 11),
(192, 3597, 12, 2015, 4, 12),
(193, 2921, 1, 2016, 4, 13),
(194, 3518, 2, 2016, 4, 14),
(195, 2513, 3, 2016, 4, 15),
(196, 3357, 4, 2016, 4, 16),
(197, 5500, 5, 2016, 4, 17),
(198, 913, 6, 2016, 4, 18),
(199, 4269, 7, 2016, 4, 19),
(200, 3241, 8, 2016, 4, 20),
(201, 3086, 9, 2016, 4, 21),
(202, 4354, 10, 2016, 4, 22),
(203, 2728, 11, 2016, 4, 23),
(204, 7668, 12, 2016, 4, 24),
(205, 5637, 1, 2017, 4, 25),
(206, 4039, 2, 2017, 4, 26),
(207, 3983, 3, 2017, 4, 27),
(208, 4759, 4, 2017, 4, 28),
(209, 7007, 5, 2017, 4, 29),
(210, 233, 6, 2017, 4, 30),
(211, 19339, 7, 2017, 4, 31),
(212, 2371, 8, 2017, 4, 32),
(213, 4134, 9, 2017, 4, 33),
(214, 6154, 10, 2017, 4, 34),
(215, 2623, 11, 2017, 4, 35),
(216, 5662, 12, 2017, 4, 36),
(217, 4574, 1, 2018, 4, 37),
(218, 2851, 2, 2018, 4, 38),
(219, 3120, 3, 2018, 4, 39),
(220, 6102, 4, 2018, 4, 40),
(221, 3399, 5, 2018, 4, 41),
(222, 3118, 6, 2018, 4, 42),
(223, 4997, 7, 2018, 4, 43),
(224, 2641, 8, 2018, 4, 44),
(225, 3501, 9, 2018, 4, 45),
(226, 3948, 10, 2018, 4, 46),
(227, 4507, 11, 2018, 4, 47),
(228, 4125, 12, 2018, 4, 48),
(229, 2890, 1, 2019, 4, 49),
(230, 3698, 2, 2019, 4, 50),
(231, 2868, 3, 2019, 4, 51),
(232, 5128, 4, 2019, 4, 52),
(233, 1445, 5, 2019, 4, 53),
(234, 5147, 6, 2019, 4, 54),
(235, 3643, 7, 2019, 4, 55),
(236, 1707, 8, 2019, 4, 56),
(237, 2958, 9, 2019, 4, 57),
(238, 2450, 10, 2019, 4, 58),
(239, 2521, 11, 2019, 4, 59),
(240, 3139, 12, 2019, 4, 60),
(241, 5927, 1, 2015, 5, 1),
(242, 2146, 2, 2015, 5, 2),
(243, 2470, 3, 2015, 5, 3),
(244, 2153, 4, 2015, 5, 4),
(245, 3294, 5, 2015, 5, 5),
(246, 4450, 6, 2015, 5, 6),
(247, 21803, 7, 2015, 5, 7),
(248, 2483, 8, 2015, 5, 8),
(249, 4190, 9, 2015, 5, 9),
(250, 3136, 10, 2015, 5, 10),
(251, 1696, 11, 2015, 5, 11),
(252, 8746, 12, 2015, 5, 12),
(253, 1268, 1, 2016, 5, 13),
(254, 3368, 2, 2016, 5, 14),
(255, 4444, 3, 2016, 5, 15),
(256, 3082, 4, 2016, 5, 16),
(257, 4973, 5, 2016, 5, 17),
(258, 1216, 6, 2016, 5, 18),
(259, 11200, 7, 2016, 5, 19),
(260, 3282, 8, 2016, 5, 20),
(261, 4223, 9, 2016, 5, 21),
(262, 2200, 10, 2016, 5, 22),
(263, 3324, 11, 2016, 5, 23),
(264, 6833, 12, 2016, 5, 24),
(265, 3114, 1, 2017, 5, 25),
(266, 2376, 2, 2017, 5, 26),
(267, 3368, 3, 2017, 5, 27),
(268, 3475, 4, 2017, 5, 28),
(269, 4301, 5, 2017, 5, 29),
(270, 650, 6, 2017, 5, 30),
(271, 26878, 7, 2017, 5, 31),
(272, 1725, 8, 2017, 5, 32),
(273, 2108, 9, 2017, 5, 33),
(274, 2205, 10, 2017, 5, 34),
(275, 2135, 11, 2017, 5, 35),
(276, 8229, 12, 2017, 5, 36),
(277, 4103, 1, 2018, 5, 37),
(278, 3159, 2, 2018, 5, 38),
(279, 2657, 3, 2018, 5, 39),
(280, 4652, 4, 2018, 5, 40),
(281, 4625, 5, 2018, 5, 41),
(282, 22424, 6, 2018, 5, 42),
(283, 11383, 7, 2018, 5, 43),
(284, 4210, 8, 2018, 5, 44),
(285, 3711, 9, 2018, 5, 45),
(286, 2907, 10, 2018, 5, 46),
(287, 5185, 11, 2018, 5, 47),
(288, 5220, 12, 2018, 5, 48),
(289, 3219, 1, 2019, 5, 49),
(290, 2794, 2, 2019, 5, 50),
(291, 3268, 3, 2019, 5, 51),
(292, 3230, 4, 2019, 5, 52),
(293, 1387, 5, 2019, 5, 53),
(294, 2627, 6, 2019, 5, 54),
(295, 4613, 7, 2019, 5, 55),
(296, 3634, 8, 2019, 5, 56),
(297, 3455, 9, 2019, 5, 57),
(298, 3102, 10, 2019, 5, 58),
(299, 4363, 11, 2019, 5, 59),
(300, 9725, 12, 2019, 5, 60),
(301, 112, 1, 2015, 6, 1),
(302, 69, 2, 2015, 6, 2),
(303, 72, 3, 2015, 6, 3),
(304, 79, 4, 2015, 6, 4),
(305, 124, 5, 2015, 6, 5),
(306, 108, 6, 2015, 6, 6),
(307, 67, 7, 2015, 6, 7),
(308, 131, 8, 2015, 6, 8),
(309, 177, 9, 2015, 6, 9),
(310, 174, 10, 2015, 6, 10),
(311, 146, 11, 2015, 6, 11),
(312, 152, 12, 2015, 6, 12),
(313, 100, 1, 2016, 6, 13),
(314, 123, 2, 2016, 6, 14),
(315, 81, 3, 2016, 6, 15),
(316, 145, 4, 2016, 6, 16),
(317, 116, 5, 2016, 6, 17),
(318, 113, 6, 2016, 6, 18),
(319, 113, 7, 2016, 6, 19),
(320, 129, 8, 2016, 6, 20),
(321, 170, 9, 2016, 6, 21),
(322, 131, 10, 2016, 6, 22),
(323, 127, 11, 2016, 6, 23),
(324, 136, 12, 2016, 6, 24),
(325, 177, 1, 2017, 6, 25),
(326, 180, 2, 2017, 6, 26),
(327, 211, 3, 2017, 6, 27),
(328, 228, 4, 2017, 6, 28),
(329, 223, 5, 2017, 6, 29),
(330, 169, 6, 2017, 6, 30),
(331, 169, 7, 2017, 6, 31),
(332, 290, 8, 2017, 6, 32),
(333, 184, 9, 2017, 6, 33),
(334, 241, 10, 2017, 6, 34),
(335, 264, 11, 2017, 6, 35),
(336, 148, 12, 2017, 6, 36),
(337, 110, 1, 2018, 6, 37),
(338, 97, 2, 2018, 6, 38),
(339, 96, 3, 2018, 6, 39),
(340, 182, 4, 2018, 6, 40),
(341, 226, 5, 2018, 6, 41),
(342, 157, 6, 2018, 6, 42),
(343, 212, 7, 2018, 6, 43),
(344, 432, 8, 2018, 6, 44),
(345, 122, 9, 2018, 6, 45),
(346, 148, 10, 2018, 6, 46),
(347, 127, 11, 2018, 6, 47),
(348, 172, 12, 2018, 6, 48),
(349, 151, 1, 2019, 6, 49),
(350, 99, 2, 2019, 6, 50),
(351, 140, 3, 2019, 6, 51),
(352, 99, 4, 2019, 6, 52),
(353, 88, 5, 2019, 6, 53),
(354, 67, 6, 2019, 6, 54),
(355, 74, 7, 2019, 6, 55),
(356, 130, 8, 2019, 6, 56),
(357, 46, 9, 2019, 6, 57),
(358, 69, 10, 2019, 6, 58),
(359, 64, 11, 2019, 6, 59),
(360, 84, 12, 2019, 6, 60);

--
-- Triggers `data_pengunjung`
--
DELIMITER $$
CREATE TRIGGER `bi_data_pengunjung` BEFORE INSERT ON `data_pengunjung` FOR EACH ROW BEGIN
DECLARE id_sebelumnya int(10);
DECLARE COUNT_id int(10);

DECLARE COUNT_id_Season int(10);
DECLARE t_sebelumnya int(10);
SELECT id_data_pengunjung into id_sebelumnya from data_pengunjung GROUP by id_data_pengunjung DESC LIMIT 1;
SELECT COUNT(id_data_pengunjung) INTO COUNT_id from data_pengunjung;

SELECT COUNT(id_data_pengunjung) INTO COUNT_id_Season from data_pengunjung where id_tourist_data_type=new.id_tourist_data_type;
SELECT t INTO t_sebelumnya from data_pengunjung where id_tourist_data_type=new.id_tourist_data_type GROUP by id_data_pengunjung DESC LIMIT 1;

if COUNT_id=0 THEN
set new.id_data_pengunjung=1;
ELSE
set new.id_data_pengunjung=id_sebelumnya+1;
END IF;

if COUNT_id_Season=0 THEN
set new.t=1;
ELSE
set new.t=t_sebelumnya+1;
END IF;
END
$$
DELIMITER ;

-- --------------------------------------------------------

--
-- Table structure for table `error_measurement`
--

CREATE TABLE `error_measurement` (
  `id_error_measurement` int(4) NOT NULL,
  `rsfe` decimal(20,8) DEFAULT NULL,
  `mad` decimal(20,8) DEFAULT NULL,
  `mape` decimal(20,8) DEFAULT NULL,
  `ts` decimal(20,20) DEFAULT NULL,
  `id_tourist_data_type` int(4) DEFAULT NULL,
  `id_method_type` int(4) DEFAULT NULL
) ENGINE=InnoDB DEFAULT CHARSET=latin1;

--
-- Dumping data for table `error_measurement`
--

INSERT INTO `error_measurement` (`id_error_measurement`, `rsfe`, `mad`, `mape`, `ts`, `id_tourist_data_type`, `id_method_type`) VALUES
(63, '0.00034000', '23180.90905390', '33.25495167', '0.00000001466724187604', 1, 1),
(64, '-21486.46680100', '21019.36424612', '27.45830833', '-0.99999999999999999999', 1, 2),
(65, '0.00070000', '123.49670643', '26.66406500', '0.00000566816735617060', 2, 1),
(66, '21.42996400', '122.99918660', '26.63477333', '0.17422850176799000000', 2, 2),
(67, '-0.00083500', '3501.68675815', '28.08784500', '-0.00000023845650901143', 3, 1),
(68, '-1300.39332400', '3397.12303110', '27.06070000', '-0.38279253123751000000', 3, 2),
(69, '0.00057000', '1371.25680043', '50.13099167', '0.00000041567706342085', 4, 1),
(70, '-705.09210800', '1336.15016017', '52.84906833', '-0.52770424239746000000', 4, 2),
(71, '-0.00084500', '1981.09753672', '59.13240833', '-0.00000042653124560462', 5, 1),
(72, '-8699.59325900', '1936.25915682', '55.38226167', '-0.99999999999999999999', 5, 2),
(73, '0.00050000', '46.35424970', '38.09595000', '0.00001078649753228600', 6, 1),
(74, '0.94580900', '45.96610692', '37.96504000', '0.02057622590737700000', 6, 2);

-- --------------------------------------------------------

--
-- Table structure for table `forecast_future`
--

CREATE TABLE `forecast_future` (
  `id_forecast_future` int(4) NOT NULL,
  `season_future` int(4) DEFAULT NULL,
  `year_future` int(4) DEFAULT NULL,
  `t_future` int(4) DEFAULT NULL,
  `id_seasonal_index` int(4) DEFAULT NULL,
  `unadjusted_forecast` decimal(20,6) DEFAULT NULL,
  `adjusted_forecast` decimal(20,6) DEFAULT NULL,
  `id_tourist_data_type` int(4) DEFAULT NULL,
  `id_method_type` int(4) DEFAULT NULL
) ENGINE=InnoDB DEFAULT CHARSET=latin1;

--
-- Dumping data for table `forecast_future`
--

INSERT INTO `forecast_future` (`id_forecast_future`, `season_future`, `year_future`, `t_future`, `id_seasonal_index`, `unadjusted_forecast`, `adjusted_forecast`, `id_tourist_data_type`, `id_method_type`) VALUES
(1, 1, 2020, 62, 1921, '141321.601980', '128668.633230', 1, 1),
(2, 2, 2020, 63, 1922, '142947.140006', '113756.265006', 1, 1),
(3, 3, 2020, 64, 1923, '144572.678032', '130237.032199', 1, 1),
(4, 4, 2020, 65, 1924, '146198.216058', '159048.986891', 1, 1),
(5, 5, 2020, 66, 1925, '147823.754084', '126334.899917', 1, 1),
(6, 1, 2020, 62, 1933, '140764.138333', '125737.988858', 1, 2),
(7, 2, 2020, 63, 1934, '142374.825653', '99842.624486', 1, 2),
(8, 3, 2020, 64, 1935, '143985.512973', '122484.156321', 1, 2),
(9, 4, 2020, 65, 1936, '145596.200293', '161335.149545', 1, 2),
(10, 5, 2020, 66, 1937, '147206.887613', '126793.708508', 1, 2),
(11, 1, 2020, 62, 1945, '760.795562', '773.305979', 2, 1),
(12, 2, 2020, 63, 1946, '766.292065', '723.875398', 2, 1),
(13, 3, 2020, 64, 1947, '771.788568', '738.996901', 2, 1),
(14, 4, 2020, 65, 1948, '777.285071', '809.243404', 2, 1),
(15, 5, 2020, 66, 1949, '782.781574', '607.698241', 2, 1),
(16, 1, 2020, 62, 1957, '746.748040', '769.941287', 2, 2),
(17, 2, 2020, 63, 1958, '751.867841', '695.868724', 2, 2),
(18, 3, 2020, 64, 1959, '756.987642', '707.207378', 2, 2),
(19, 4, 2020, 65, 1960, '762.107443', '799.662574', 2, 2),
(20, 5, 2020, 66, 1961, '767.227244', '565.645958', 2, 2),
(21, 1, 2020, 62, 1969, '25877.641988', '23586.225321', 3, 1),
(22, 2, 2020, 63, 1970, '26036.084425', '21366.417758', 3, 1),
(23, 3, 2020, 64, 1971, '26194.526862', '24264.610195', 3, 1),
(24, 4, 2020, 65, 1972, '26352.969299', '31482.333882', 3, 1),
(25, 5, 2020, 66, 1973, '26511.411736', '22592.755486', 3, 1),
(26, 1, 2020, 62, 1981, '25669.814437', '23356.296741', 3, 2),
(27, 2, 2020, 63, 1982, '25821.503507', '20165.767951', 3, 2),
(28, 3, 2020, 64, 1983, '25973.192577', '23671.889795', 3, 2),
(29, 4, 2020, 65, 1984, '26124.881647', '32327.790671', 3, 2),
(30, 5, 2020, 66, 1985, '26276.570717', '21885.151389', 3, 2),
(31, 1, 2020, 62, 1993, '3759.430564', '3669.315981', 4, 1),
(32, 2, 2020, 63, 1994, '3752.172358', '3195.193191', 4, 1),
(33, 3, 2020, 64, 1995, '3744.914152', '2801.320402', 4, 1),
(34, 4, 2020, 65, 1996, '3737.655946', '4517.978863', 4, 1),
(35, 5, 2020, 66, 1997, '3730.397740', '4014.314407', 4, 1),
(36, 1, 2020, 62, 2005, '3767.644927', '3624.930305', 4, 2),
(37, 2, 2020, 63, 2006, '3759.966194', '3358.401804', 4, 2),
(38, 3, 2020, 64, 2007, '3752.287461', '2905.501245', 4, 2),
(39, 4, 2020, 65, 2008, '3744.608728', '4606.625146', 4, 2),
(40, 5, 2020, 66, 2009, '3736.929995', '3926.840777', 4, 2),
(41, 1, 2020, 62, 2017, '4616.071123', '2662.966956', 5, 1),
(42, 2, 2020, 63, 2018, '4612.145531', '2824.364281', 5, 1),
(43, 3, 2020, 64, 2019, '4608.219939', '3326.105356', 5, 1),
(44, 4, 2020, 65, 2020, '4604.294347', '3505.690180', 5, 1),
(45, 5, 2020, 66, 2021, '4600.368755', '3686.087505', 5, 1),
(46, 1, 2020, 62, 2029, '5399.155890', '3271.359352', 5, 2),
(47, 2, 2020, 63, 2030, '5413.790191', '3504.319322', 5, 2),
(48, 3, 2020, 64, 2031, '5428.424492', '4195.471866', 5, 2),
(49, 4, 2020, 65, 2032, '5443.058793', '4238.831023', 5, 2),
(50, 5, 2020, 66, 2033, '5457.693094', '4339.935718', 5, 2),
(51, 1, 2020, 62, 2041, '140.330740', '117.674490', 6, 1),
(52, 2, 2020, 63, 2042, '140.292706', '107.823956', 6, 1),
(53, 3, 2020, 64, 2043, '140.254672', '116.410922', 6, 1),
(54, 4, 2020, 65, 2044, '140.216638', '150.331222', 6, 1),
(55, 5, 2020, 66, 2045, '140.178604', '151.991104', 6, 1),
(56, 1, 2020, 62, 2053, '141.305936', '121.630639', 6, 2),
(57, 2, 2020, 63, 2054, '141.275949', '113.819110', 6, 2),
(58, 3, 2020, 64, 2055, '141.245962', '122.803194', 6, 2),
(59, 4, 2020, 65, 2056, '141.215975', '148.879766', 6, 2),
(60, 5, 2020, 66, 2057, '141.185988', '147.174392', 6, 2);

-- --------------------------------------------------------

--
-- Table structure for table `method_type`
--

CREATE TABLE `method_type` (
  `id_method_type` int(4) NOT NULL,
  `method_type` varchar(13) DEFAULT NULL
) ENGINE=InnoDB DEFAULT CHARSET=latin1;

--
-- Dumping data for table `method_type`
--

INSERT INTO `method_type` (`id_method_type`, `method_type`) VALUES
(1, 'Aditif'),
(2, 'Multiplikatif');

-- --------------------------------------------------------

--
-- Table structure for table `seasonal_index`
--

CREATE TABLE `seasonal_index` (
  `id_seasonal_index` int(4) NOT NULL,
  `id_tourist_data_type` int(4) DEFAULT NULL,
  `seasonal_index` decimal(20,6) DEFAULT NULL,
  `month` int(4) DEFAULT NULL,
  `id_method_type` int(4) DEFAULT NULL
) ENGINE=InnoDB DEFAULT CHARSET=latin1;

--
-- Dumping data for table `seasonal_index`
--

INSERT INTO `seasonal_index` (`id_seasonal_index`, `id_tourist_data_type`, `seasonal_index`, `month`, `id_method_type`) VALUES
(1921, 1, '-12652.968750', 1, 1),
(1922, 1, '-29190.875000', 2, 1),
(1923, 1, '-14335.645833', 3, 1),
(1924, 1, '12850.770833', 4, 1),
(1925, 1, '-21488.854167', 5, 1),
(1926, 1, '22503.802083', 6, 1),
(1927, 1, '37076.135417', 7, 1),
(1928, 1, '-26271.947917', 8, 1),
(1929, 1, '3588.406250', 9, 1),
(1930, 1, '26030.666667', 10, 1),
(1931, 1, '-2975.437500', 11, 1),
(1932, 1, '20103.697917', 12, 1),
(1933, 1, '0.893253', 1, 2),
(1934, 1, '0.701266', 2, 2),
(1935, 1, '0.850670', 3, 2),
(1936, 1, '1.108100', 4, 2),
(1937, 1, '0.861330', 5, 2),
(1938, 1, '1.090361', 6, 2),
(1939, 1, '1.504290', 7, 2),
(1940, 1, '0.703581', 8, 2),
(1941, 1, '1.016620', 9, 2),
(1942, 1, '1.239617', 10, 2),
(1943, 1, '0.917678', 11, 2),
(1944, 1, '1.268131', 12, 2),
(1945, 2, '12.510417', 1, 1),
(1946, 2, '-42.416667', 2, 1),
(1947, 2, '-32.791667', 3, 1),
(1948, 2, '31.958333', 4, 1),
(1949, 2, '-175.083333', 5, 1),
(1950, 2, '-219.791667', 6, 1),
(1951, 2, '-19.708333', 7, 1),
(1952, 2, '-5.447917', 8, 1),
(1953, 2, '-18.177083', 9, 1),
(1954, 2, '135.145833', 10, 1),
(1955, 2, '34.354167', 11, 1),
(1956, 2, '92.979167', 12, 1),
(1957, 2, '1.031059', 1, 2),
(1958, 2, '0.925520', 2, 2),
(1959, 2, '0.934239', 3, 2),
(1960, 2, '1.049278', 4, 2),
(1961, 2, '0.737260', 5, 2),
(1962, 2, '0.619995', 6, 2),
(1963, 2, '0.936769', 7, 2),
(1964, 2, '0.966149', 8, 2),
(1965, 2, '0.946550', 9, 2),
(1966, 2, '1.282096', 10, 2),
(1967, 2, '1.057025', 11, 2),
(1968, 2, '1.173962', 12, 2),
(1969, 3, '-2291.416667', 1, 1),
(1970, 3, '-4669.666667', 2, 1),
(1971, 3, '-1929.916667', 3, 1),
(1972, 3, '5129.364583', 4, 1),
(1973, 3, '-3918.656250', 5, 1),
(1974, 3, '-1756.385417', 6, 1),
(1975, 3, '-623.041667', 7, 1),
(1976, 3, '-2970.104167', 8, 1),
(1977, 3, '1625.625000', 9, 1),
(1978, 3, '4926.177083', 10, 1),
(1979, 3, '897.270833', 11, 1),
(1980, 3, '5275.687500', 12, 1),
(1981, 3, '0.909874', 1, 2),
(1982, 3, '0.780968', 2, 2),
(1983, 3, '0.911397', 3, 2),
(1984, 3, '1.237433', 4, 2),
(1985, 3, '0.832877', 5, 2),
(1986, 3, '0.877204', 6, 2),
(1987, 3, '0.983600', 7, 2),
(1988, 3, '0.845341', 8, 2),
(1989, 3, '1.070004', 9, 2),
(1990, 3, '1.225796', 10, 2),
(1991, 3, '1.031167', 11, 2),
(1992, 3, '1.261673', 12, 2),
(1993, 4, '-90.114583', 1, 1),
(1994, 4, '-556.979167', 2, 1),
(1995, 4, '-943.593750', 3, 1),
(1996, 4, '780.322917', 4, 1),
(1997, 4, '283.916667', 5, 1),
(1998, 4, '-1703.812500', 6, 1),
(1999, 4, '3715.375000', 7, 1),
(2000, 4, '-1166.656250', 8, 1),
(2001, 4, '-772.520834', 9, 1),
(2002, 4, '292.145833', 10, 1),
(2003, 4, '-1238.218750', 11, 1),
(2004, 4, '1161.166667', 12, 1),
(2005, 4, '0.962121', 1, 2),
(2006, 4, '0.893200', 2, 2),
(2007, 4, '0.774328', 3, 2),
(2008, 4, '1.230202', 4, 2),
(2009, 4, '1.050820', 5, 2),
(2010, 4, '0.677320', 6, 2),
(2011, 4, '1.697010', 7, 2),
(2012, 4, '0.752401', 8, 2),
(2013, 4, '0.817248', 9, 2),
(2014, 4, '1.059206', 10, 2),
(2015, 4, '0.723284', 11, 2),
(2016, 4, '1.276095', 12, 2),
(2017, 5, '-1953.104167', 1, 1),
(2018, 5, '-1787.781250', 2, 1),
(2019, 5, '-1282.114583', 3, 1),
(2020, 5, '-1098.604167', 4, 1),
(2021, 5, '-914.281250', 5, 1),
(2022, 5, '1955.489584', 6, 1),
(2023, 5, '12704.479167', 7, 1),
(2024, 5, '-2165.062500', 8, 1),
(2025, 5, '-1547.125000', 9, 1),
(2026, 5, '-2512.656250', 10, 1),
(2027, 5, '-2031.010417', 11, 1),
(2028, 5, '2179.843750', 12, 1),
(2029, 5, '0.605902', 1, 2),
(2030, 5, '0.647295', 2, 2),
(2031, 5, '0.772871', 3, 2),
(2032, 5, '0.778759', 4, 2),
(2033, 5, '0.795196', 5, 2),
(2034, 5, '1.175769', 6, 2),
(2035, 5, '3.538047', 7, 2),
(2036, 5, '0.577567', 8, 2),
(2037, 5, '0.718038', 9, 2),
(2038, 5, '0.512602', 10, 2),
(2039, 5, '0.605690', 11, 2),
(2040, 5, '1.443378', 12, 2),
(2041, 6, '-22.656250', 1, 1),
(2042, 6, '-32.468750', 2, 1),
(2043, 6, '-23.843750', 3, 1),
(2044, 6, '10.114584', 4, 1),
(2045, 6, '11.812500', 5, 1),
(2046, 6, '-23.375000', 6, 1),
(2047, 6, '-15.572917', 7, 1),
(2048, 6, '88.958334', 8, 1),
(2049, 6, '5.687500', 9, 1),
(2050, 6, '15.020834', 10, 1),
(2051, 6, '7.687500', 11, 1),
(2052, 6, '-5.510417', 12, 1),
(2053, 6, '0.860761', 1, 2),
(2054, 6, '0.805651', 2, 2),
(2055, 6, '0.869428', 3, 2),
(2056, 6, '1.054270', 4, 2),
(2057, 6, '1.042415', 5, 2),
(2058, 6, '0.833485', 6, 2),
(2059, 6, '0.875258', 7, 2),
(2060, 6, '1.495765', 8, 2),
(2061, 6, '1.080380', 9, 2),
(2062, 6, '1.106807', 10, 2),
(2063, 6, '1.042787', 11, 2),
(2064, 6, '0.982937', 12, 2);

-- --------------------------------------------------------

--
-- Table structure for table `tourist_data_type`
--

CREATE TABLE `tourist_data_type` (
  `id_tourist_data_type` int(4) NOT NULL,
  `tourist_data_type` varchar(35) DEFAULT NULL,
  `data_type` enum('kumulatif','tempat wisata') DEFAULT NULL
) ENGINE=InnoDB DEFAULT CHARSET=latin1;

--
-- Dumping data for table `tourist_data_type`
--

INSERT INTO `tourist_data_type` (`id_tourist_data_type`, `tourist_data_type`, `data_type`) VALUES
(1, 'KUMULATIF', 'kumulatif'),
(2, 'ASTA KATANDUR', 'tempat wisata'),
(3, 'MAKAM ASTA TINGGI', 'tempat wisata'),
(4, 'MUSEUM DAN KERATON', 'tempat wisata'),
(5, 'PANTAI LOMBANG', 'tempat wisata'),
(6, 'SITUS BENTENG', 'tempat wisata');

-- --------------------------------------------------------

--
-- Table structure for table `user`
--

CREATE TABLE `user` (
  `id_user` int(4) NOT NULL,
  `email` varchar(25) DEFAULT NULL,
  `password` varchar(128) DEFAULT NULL
) ENGINE=InnoDB DEFAULT CHARSET=latin1;

--
-- Dumping data for table `user`
--

INSERT INTO `user` (`id_user`, `email`, `password`) VALUES
(1, 'admin@admin', '$2y$10$xyJzbC4Q8FMkI/8ivcCD0er5SBKlua3wU5qHaBkC.A55dj7qdbkYe');

--
-- Indexes for dumped tables
--

--
-- Indexes for table `calculate_ctdma`
--
ALTER TABLE `calculate_ctdma`
  ADD PRIMARY KEY (`id_calculate_ctdma`),
  ADD KEY `id_data_pengunjung` (`id_data_pengunjung`);

--
-- Indexes for table `calculate_forecasting`
--
ALTER TABLE `calculate_forecasting`
  ADD PRIMARY KEY (`id_calculate_forecasting`),
  ADD KEY `id_data_pengunjung` (`id_data_pengunjung`),
  ADD KEY `id_method_type` (`id_method_type`);

--
-- Indexes for table `calculate_ratio`
--
ALTER TABLE `calculate_ratio`
  ADD PRIMARY KEY (`id_calculate_ratio`),
  ADD KEY `id_data_pengunjung` (`id_data_pengunjung`),
  ADD KEY `id_method_type` (`id_method_type`);

--
-- Indexes for table `calculate_smoothed`
--
ALTER TABLE `calculate_smoothed`
  ADD PRIMARY KEY (`id_calculate_smoothed`),
  ADD KEY `id_data_pengunjung` (`id_data_pengunjung`),
  ADD KEY `id_method_type` (`id_method_type`);

--
-- Indexes for table `coefficient_parameter`
--
ALTER TABLE `coefficient_parameter`
  ADD PRIMARY KEY (`id_coefficient_parameter`),
  ADD KEY `id_season_type` (`id_tourist_data_type`),
  ADD KEY `id_method_type` (`id_method_type`);

--
-- Indexes for table `data_pengunjung`
--
ALTER TABLE `data_pengunjung`
  ADD PRIMARY KEY (`id_data_pengunjung`),
  ADD KEY `id_season_type` (`id_tourist_data_type`);

--
-- Indexes for table `error_measurement`
--
ALTER TABLE `error_measurement`
  ADD PRIMARY KEY (`id_error_measurement`),
  ADD KEY `id_season_type` (`id_tourist_data_type`),
  ADD KEY `id_method_type` (`id_method_type`);

--
-- Indexes for table `forecast_future`
--
ALTER TABLE `forecast_future`
  ADD PRIMARY KEY (`id_forecast_future`),
  ADD KEY `id_season_type` (`id_tourist_data_type`),
  ADD KEY `id_method_type` (`id_method_type`),
  ADD KEY `id_seasonal_index` (`id_seasonal_index`);

--
-- Indexes for table `method_type`
--
ALTER TABLE `method_type`
  ADD PRIMARY KEY (`id_method_type`);

--
-- Indexes for table `seasonal_index`
--
ALTER TABLE `seasonal_index`
  ADD PRIMARY KEY (`id_seasonal_index`),
  ADD KEY `id_season_type` (`id_tourist_data_type`),
  ADD KEY `id_method_type` (`id_method_type`);

--
-- Indexes for table `tourist_data_type`
--
ALTER TABLE `tourist_data_type`
  ADD PRIMARY KEY (`id_tourist_data_type`);

--
-- Indexes for table `user`
--
ALTER TABLE `user`
  ADD PRIMARY KEY (`id_user`);

--
-- AUTO_INCREMENT for dumped tables
--

--
-- AUTO_INCREMENT for table `calculate_ratio`
--
ALTER TABLE `calculate_ratio`
  MODIFY `id_calculate_ratio` int(4) NOT NULL AUTO_INCREMENT, AUTO_INCREMENT=9466;

--
-- AUTO_INCREMENT for table `calculate_smoothed`
--
ALTER TABLE `calculate_smoothed`
  MODIFY `id_calculate_smoothed` int(4) NOT NULL AUTO_INCREMENT, AUTO_INCREMENT=5793;

--
-- AUTO_INCREMENT for table `coefficient_parameter`
--
ALTER TABLE `coefficient_parameter`
  MODIFY `id_coefficient_parameter` int(4) NOT NULL AUTO_INCREMENT, AUTO_INCREMENT=119;

--
-- AUTO_INCREMENT for table `error_measurement`
--
ALTER TABLE `error_measurement`
  MODIFY `id_error_measurement` int(4) NOT NULL AUTO_INCREMENT, AUTO_INCREMENT=75;

--
-- AUTO_INCREMENT for table `forecast_future`
--
ALTER TABLE `forecast_future`
  MODIFY `id_forecast_future` int(4) NOT NULL AUTO_INCREMENT, AUTO_INCREMENT=61;

--
-- AUTO_INCREMENT for table `method_type`
--
ALTER TABLE `method_type`
  MODIFY `id_method_type` int(4) NOT NULL AUTO_INCREMENT, AUTO_INCREMENT=3;

--
-- AUTO_INCREMENT for table `seasonal_index`
--
ALTER TABLE `seasonal_index`
  MODIFY `id_seasonal_index` int(4) NOT NULL AUTO_INCREMENT, AUTO_INCREMENT=2065;

--
-- AUTO_INCREMENT for table `tourist_data_type`
--
ALTER TABLE `tourist_data_type`
  MODIFY `id_tourist_data_type` int(4) NOT NULL AUTO_INCREMENT, AUTO_INCREMENT=8;

--
-- AUTO_INCREMENT for table `user`
--
ALTER TABLE `user`
  MODIFY `id_user` int(4) NOT NULL AUTO_INCREMENT, AUTO_INCREMENT=2;

--
-- Constraints for dumped tables
--

--
-- Constraints for table `calculate_ctdma`
--
ALTER TABLE `calculate_ctdma`
  ADD CONSTRAINT `calculate_ctdma_ibfk_1` FOREIGN KEY (`id_data_pengunjung`) REFERENCES `data_pengunjung` (`id_data_pengunjung`) ON DELETE CASCADE ON UPDATE CASCADE;

--
-- Constraints for table `calculate_forecasting`
--
ALTER TABLE `calculate_forecasting`
  ADD CONSTRAINT `calculate_forecasting_ibfk_1` FOREIGN KEY (`id_data_pengunjung`) REFERENCES `data_pengunjung` (`id_data_pengunjung`) ON DELETE CASCADE ON UPDATE CASCADE,
  ADD CONSTRAINT `calculate_forecasting_ibfk_3` FOREIGN KEY (`id_method_type`) REFERENCES `method_type` (`id_method_type`) ON DELETE CASCADE ON UPDATE CASCADE;

--
-- Constraints for table `calculate_ratio`
--
ALTER TABLE `calculate_ratio`
  ADD CONSTRAINT `calculate_ratio_ibfk_1` FOREIGN KEY (`id_data_pengunjung`) REFERENCES `data_pengunjung` (`id_data_pengunjung`) ON DELETE CASCADE ON UPDATE CASCADE,
  ADD CONSTRAINT `calculate_ratio_ibfk_2` FOREIGN KEY (`id_method_type`) REFERENCES `method_type` (`id_method_type`) ON DELETE CASCADE ON UPDATE CASCADE;

--
-- Constraints for table `calculate_smoothed`
--
ALTER TABLE `calculate_smoothed`
  ADD CONSTRAINT `calculate_smoothed_ibfk_1` FOREIGN KEY (`id_data_pengunjung`) REFERENCES `data_pengunjung` (`id_data_pengunjung`) ON DELETE CASCADE ON UPDATE CASCADE,
  ADD CONSTRAINT `calculate_smoothed_ibfk_2` FOREIGN KEY (`id_method_type`) REFERENCES `method_type` (`id_method_type`) ON DELETE CASCADE ON UPDATE CASCADE;

--
-- Constraints for table `coefficient_parameter`
--
ALTER TABLE `coefficient_parameter`
  ADD CONSTRAINT `coefficient_parameter_ibfk_2` FOREIGN KEY (`id_method_type`) REFERENCES `method_type` (`id_method_type`) ON DELETE CASCADE ON UPDATE CASCADE,
  ADD CONSTRAINT `coefficient_parameter_ibfk_3` FOREIGN KEY (`id_tourist_data_type`) REFERENCES `tourist_data_type` (`id_tourist_data_type`) ON DELETE CASCADE ON UPDATE CASCADE;

--
-- Constraints for table `data_pengunjung`
--
ALTER TABLE `data_pengunjung`
  ADD CONSTRAINT `data_pengunjung_ibfk_1` FOREIGN KEY (`id_tourist_data_type`) REFERENCES `tourist_data_type` (`id_tourist_data_type`) ON DELETE CASCADE ON UPDATE CASCADE;

--
-- Constraints for table `error_measurement`
--
ALTER TABLE `error_measurement`
  ADD CONSTRAINT `error_measurement_ibfk_2` FOREIGN KEY (`id_method_type`) REFERENCES `method_type` (`id_method_type`) ON DELETE CASCADE ON UPDATE CASCADE,
  ADD CONSTRAINT `error_measurement_ibfk_3` FOREIGN KEY (`id_tourist_data_type`) REFERENCES `tourist_data_type` (`id_tourist_data_type`) ON DELETE CASCADE ON UPDATE CASCADE;

--
-- Constraints for table `forecast_future`
--
ALTER TABLE `forecast_future`
  ADD CONSTRAINT `forecast_future_ibfk_2` FOREIGN KEY (`id_method_type`) REFERENCES `method_type` (`id_method_type`) ON DELETE CASCADE ON UPDATE CASCADE,
  ADD CONSTRAINT `forecast_future_ibfk_3` FOREIGN KEY (`id_seasonal_index`) REFERENCES `seasonal_index` (`id_seasonal_index`) ON DELETE CASCADE ON UPDATE CASCADE,
  ADD CONSTRAINT `forecast_future_ibfk_4` FOREIGN KEY (`id_tourist_data_type`) REFERENCES `tourist_data_type` (`id_tourist_data_type`) ON DELETE CASCADE ON UPDATE CASCADE;

--
-- Constraints for table `seasonal_index`
--
ALTER TABLE `seasonal_index`
  ADD CONSTRAINT `seasonal_index_ibfk_2` FOREIGN KEY (`id_method_type`) REFERENCES `method_type` (`id_method_type`) ON DELETE CASCADE ON UPDATE CASCADE,
  ADD CONSTRAINT `seasonal_index_ibfk_3` FOREIGN KEY (`id_tourist_data_type`) REFERENCES `tourist_data_type` (`id_tourist_data_type`) ON DELETE CASCADE ON UPDATE CASCADE;
COMMIT;

/*!40101 SET CHARACTER_SET_CLIENT=@OLD_CHARACTER_SET_CLIENT */;
/*!40101 SET CHARACTER_SET_RESULTS=@OLD_CHARACTER_SET_RESULTS */;
/*!40101 SET COLLATION_CONNECTION=@OLD_COLLATION_CONNECTION */;
