-- phpMyAdmin SQL Dump
-- version 4.8.5
-- https://www.phpmyadmin.net/
--
-- Host: 127.0.0.1
-- Generation Time: Dec 06, 2021 at 05:11 PM
-- Server version: 10.1.38-MariaDB
-- PHP Version: 5.6.40

SET SQL_MODE = "NO_AUTO_VALUE_ON_ZERO";
SET AUTOCOMMIT = 0;
START TRANSACTION;
SET time_zone = "+00:00";


/*!40101 SET @OLD_CHARACTER_SET_CLIENT=@@CHARACTER_SET_CLIENT */;
/*!40101 SET @OLD_CHARACTER_SET_RESULTS=@@CHARACTER_SET_RESULTS */;
/*!40101 SET @OLD_COLLATION_CONNECTION=@@COLLATION_CONNECTION */;
/*!40101 SET NAMES utf8mb4 */;

--
-- Database: `skripsi`
--

-- --------------------------------------------------------

--
-- Table structure for table `calculate_ctdma`
--

CREATE TABLE `calculate_ctdma` (
  `id_calculate_ctdma` int(4) NOT NULL,
  `id_data_pengunjung` int(4) DEFAULT NULL,
  `ctdma` decimal(20,6) DEFAULT NULL
) ENGINE=InnoDB DEFAULT CHARSET=latin1;

--
-- Triggers `calculate_ctdma`
--
DELIMITER $$
CREATE TRIGGER `bi_calculate_ctdma` BEFORE INSERT ON `calculate_ctdma` FOR EACH ROW BEGIN
DECLARE id_sebelumnya int(10);
DECLARE COUNT_id int(10);
SELECT id_calculate_ctdma into id_sebelumnya from calculate_ctdma GROUP by id_calculate_ctdma DESC LIMIT 1;
SELECT COUNT(id_calculate_ctdma) INTO COUNT_id from calculate_ctdma;
if COUNT_id=0 THEN
set new.id_calculate_ctdma=1;
ELSE
set new.id_calculate_ctdma=id_sebelumnya+1;
END IF;
END
$$
DELIMITER ;

-- --------------------------------------------------------

--
-- Table structure for table `calculate_forecasting`
--

CREATE TABLE `calculate_forecasting` (
  `id_calculate_forecasting` int(4) NOT NULL,
  `id_data_pengunjung` int(4) DEFAULT NULL,
  `unadjusted` decimal(20,6) DEFAULT NULL,
  `adjusted` decimal(20,6) DEFAULT NULL,
  `error` decimal(20,6) DEFAULT NULL,
  `smape` decimal(20,6) DEFAULT NULL,
  `id_method_type` int(4) DEFAULT NULL
) ENGINE=InnoDB DEFAULT CHARSET=latin1;

--
-- Triggers `calculate_forecasting`
--
DELIMITER $$
CREATE TRIGGER `bi_calculate_forecasting` BEFORE INSERT ON `calculate_forecasting` FOR EACH ROW BEGIN
DECLARE id_sebelumnya int(10);
DECLARE COUNT_id int(10);
SELECT id_calculate_forecasting into id_sebelumnya from calculate_forecasting GROUP by id_calculate_forecasting DESC LIMIT 1;
SELECT COUNT(id_calculate_forecasting) INTO COUNT_id from calculate_forecasting;
if COUNT_id=0 THEN
set new.id_calculate_forecasting=1;
ELSE
set new.id_calculate_forecasting=id_sebelumnya+1;
END IF;
END
$$
DELIMITER ;

-- --------------------------------------------------------

--
-- Table structure for table `calculate_ratio`
--

CREATE TABLE `calculate_ratio` (
  `id_calculate_ratio` int(4) NOT NULL,
  `id_data_pengunjung` int(4) DEFAULT NULL,
  `id_method_type` int(4) DEFAULT NULL,
  `ratio` decimal(20,6) DEFAULT NULL
) ENGINE=InnoDB DEFAULT CHARSET=latin1;

-- --------------------------------------------------------

--
-- Table structure for table `calculate_smoothed`
--

CREATE TABLE `calculate_smoothed` (
  `id_calculate_smoothed` int(4) NOT NULL,
  `id_data_pengunjung` int(4) DEFAULT NULL,
  `id_method_type` int(4) DEFAULT NULL,
  `smoothed` decimal(20,6) DEFAULT NULL
) ENGINE=InnoDB DEFAULT CHARSET=latin1;

-- --------------------------------------------------------

--
-- Table structure for table `coefficient_parameter`
--

CREATE TABLE `coefficient_parameter` (
  `id_coefficient_parameter` int(4) NOT NULL,
  `a` decimal(20,6) DEFAULT NULL,
  `b` decimal(20,6) DEFAULT NULL,
  `id_tourist_data_type` int(4) DEFAULT NULL,
  `id_method_type` int(4) DEFAULT NULL
) ENGINE=InnoDB DEFAULT CHARSET=latin1;

--
-- Dumping data for table `coefficient_parameter`
--

INSERT INTO `coefficient_parameter` (`id_coefficient_parameter`, `a`, `b`, `id_tourist_data_type`, `id_method_type`) VALUES
(149, '47537.519222', '1472.679119', 1, 1),
(150, '42013.268279', '1675.815960', 1, 2),
(151, '420.012376', '5.496503', 2, 1),
(152, '429.320378', '5.119801', 2, 2),
(153, '16054.210894', '158.442437', 3, 1),
(154, '16265.092097', '151.689070', 3, 2),
(155, '4209.439336', '-7.258206', 4, 1),
(156, '4243.726373', '-7.678733', 4, 2),
(157, '4859.457827', '-3.925592', 5, 1),
(158, '4491.829228', '14.634301', 5, 2),
(159, '142.688848', '-0.038034', 6, 1),
(160, '143.165130', '-0.029987', 6, 2);

-- --------------------------------------------------------

--
-- Table structure for table `data_pengunjung`
--

CREATE TABLE `data_pengunjung` (
  `id_data_pengunjung` int(4) NOT NULL,
  `data_pengunjung` int(10) DEFAULT NULL,
  `month` int(4) DEFAULT NULL,
  `year` int(4) DEFAULT NULL,
  `id_tourist_data_type` int(4) DEFAULT NULL,
  `t` int(4) DEFAULT NULL
) ENGINE=InnoDB DEFAULT CHARSET=latin1;

--
-- Dumping data for table `data_pengunjung`
--

INSERT INTO `data_pengunjung` (`id_data_pengunjung`, `data_pengunjung`, `month`, `year`, `id_tourist_data_type`, `t`) VALUES
(1, 60819, 1, 2015, 1, 1),
(2, 31657, 2, 2015, 1, 2),
(3, 32839, 3, 2015, 1, 3),
(4, 38112, 4, 2015, 1, 4),
(5, 54176, 5, 2015, 1, 5),
(6, 51498, 6, 2015, 1, 6),
(7, 74187, 7, 2015, 1, 7),
(8, 41692, 8, 2015, 1, 8),
(9, 51329, 9, 2015, 1, 9),
(10, 56674, 10, 2015, 1, 10),
(11, 51508, 11, 2015, 1, 11),
(12, 82381, 12, 2015, 1, 12),
(13, 59014, 1, 2016, 1, 13),
(14, 48092, 2, 2016, 1, 14),
(15, 54006, 3, 2016, 1, 15),
(16, 63178, 4, 2016, 1, 16),
(17, 93176, 5, 2016, 1, 17),
(18, 19201, 6, 2016, 1, 18),
(19, 109122, 7, 2016, 1, 19),
(20, 53507, 8, 2016, 1, 20),
(21, 76134, 9, 2016, 1, 21),
(22, 100600, 10, 2016, 1, 22),
(23, 54249, 11, 2016, 1, 23),
(24, 124335, 12, 2016, 1, 24),
(25, 83886, 1, 2017, 1, 25),
(26, 53203, 2, 2017, 1, 26),
(27, 68384, 3, 2017, 1, 27),
(28, 89305, 4, 2017, 1, 28),
(29, 92676, 5, 2017, 1, 29),
(30, 66007, 6, 2017, 1, 30),
(31, 195986, 7, 2017, 1, 31),
(32, 57670, 8, 2017, 1, 32),
(33, 79833, 9, 2017, 1, 33),
(34, 87004, 10, 2017, 1, 34),
(35, 69767, 11, 2017, 1, 35),
(36, 103388, 12, 2017, 1, 36),
(37, 87180, 1, 2018, 1, 37),
(38, 77934, 2, 2018, 1, 38),
(39, 96743, 3, 2018, 1, 39),
(40, 125684, 4, 2018, 1, 40),
(41, 88997, 5, 2018, 1, 41),
(42, 148879, 6, 2018, 1, 42),
(43, 102365, 7, 2018, 1, 43),
(44, 78401, 8, 2018, 1, 44),
(45, 148015, 9, 2018, 1, 45),
(46, 208416, 10, 2018, 1, 46),
(47, 164964, 11, 2018, 1, 47),
(48, 130171, 12, 2018, 1, 48),
(49, 88662, 1, 2019, 1, 49),
(50, 75870, 2, 2019, 1, 50),
(51, 99016, 3, 2019, 1, 51),
(52, 154670, 4, 2019, 1, 52),
(53, 29260, 5, 2019, 1, 53),
(54, 255705, 6, 2019, 1, 54),
(55, 97828, 7, 2019, 1, 55),
(56, 78258, 8, 2019, 1, 56),
(57, 101861, 9, 2019, 1, 57),
(58, 148758, 10, 2019, 1, 58),
(59, 166556, 11, 2019, 1, 59),
(60, 200430, 12, 2019, 1, 60),
(61, 660, 1, 2015, 2, 1),
(62, 812, 2, 2015, 2, 2),
(63, 848, 3, 2015, 2, 3),
(64, 540, 4, 2015, 2, 4),
(65, 614, 5, 2015, 2, 5),
(66, 253, 6, 2015, 2, 6),
(67, 171, 7, 2015, 2, 7),
(68, 239, 8, 2015, 2, 8),
(69, 229, 9, 2015, 2, 9),
(70, 706, 10, 2015, 2, 10),
(71, 358, 11, 2015, 2, 11),
(72, 436, 12, 2015, 2, 12),
(73, 429, 1, 2016, 2, 13),
(74, 386, 2, 2016, 2, 14),
(75, 557, 3, 2016, 2, 15),
(76, 461, 4, 2016, 2, 16),
(77, 580, 5, 2016, 2, 17),
(78, 177, 6, 2016, 2, 18),
(79, 481, 7, 2016, 2, 19),
(80, 539, 8, 2016, 2, 20),
(81, 548, 9, 2016, 2, 21),
(82, 461, 10, 2016, 2, 22),
(83, 541, 11, 2016, 2, 23),
(84, 557, 12, 2016, 2, 24),
(85, 499, 1, 2017, 2, 25),
(86, 533, 2, 2017, 2, 26),
(87, 268, 3, 2017, 2, 27),
(88, 456, 4, 2017, 2, 28),
(89, 352, 5, 2017, 2, 29),
(90, 480, 6, 2017, 2, 30),
(91, 589, 7, 2017, 2, 31),
(92, 547, 8, 2017, 2, 32),
(93, 605, 9, 2017, 2, 33),
(94, 642, 10, 2017, 2, 34),
(95, 587, 11, 2017, 2, 35),
(96, 658, 12, 2017, 2, 36),
(97, 647, 1, 2018, 2, 37),
(98, 459, 2, 2018, 2, 38),
(99, 489, 3, 2018, 2, 39),
(100, 742, 4, 2018, 2, 40),
(101, 374, 5, 2018, 2, 41),
(102, 320, 6, 2018, 2, 42),
(103, 782, 7, 2018, 2, 43),
(104, 741, 8, 2018, 2, 44),
(105, 618, 9, 2018, 2, 45),
(106, 805, 10, 2018, 2, 46),
(107, 716, 11, 2018, 2, 47),
(108, 780, 12, 2018, 2, 48),
(109, 560, 1, 2019, 2, 49),
(110, 575, 2, 2019, 2, 50),
(111, 723, 3, 2019, 2, 51),
(112, 682, 4, 2019, 2, 52),
(113, 260, 5, 2019, 2, 53),
(114, 475, 6, 2019, 2, 54),
(115, 570, 7, 2019, 2, 55),
(116, 745, 8, 2019, 2, 56),
(117, 815, 9, 2019, 2, 57),
(118, 1200, 10, 2019, 2, 58),
(119, 1140, 11, 2019, 2, 59),
(120, 1210, 12, 2019, 2, 60),
(121, 15204, 1, 2015, 3, 1),
(122, 16212, 2, 2015, 3, 2),
(123, 14761, 3, 2015, 3, 3),
(124, 17814, 4, 2015, 3, 4),
(125, 19765, 5, 2015, 3, 5),
(126, 16239, 6, 2015, 3, 6),
(127, 14637, 7, 2015, 3, 7),
(128, 11256, 8, 2015, 3, 8),
(129, 15826, 9, 2015, 3, 9),
(130, 17521, 10, 2015, 3, 10),
(131, 17384, 11, 2015, 3, 11),
(132, 21899, 12, 2015, 3, 12),
(133, 18634, 1, 2016, 3, 13),
(134, 14063, 2, 2016, 3, 14),
(135, 16413, 3, 2016, 3, 15),
(136, 21216, 4, 2016, 3, 16),
(137, 21010, 5, 2016, 3, 17),
(138, 3213, 6, 2016, 3, 18),
(139, 26107, 7, 2016, 3, 19),
(140, 18208, 8, 2016, 3, 20),
(141, 20350, 9, 2016, 3, 21),
(142, 24611, 10, 2016, 3, 22),
(143, 14316, 11, 2016, 3, 23),
(144, 26419, 12, 2016, 3, 24),
(145, 19716, 1, 2017, 3, 25),
(146, 16211, 2, 2017, 3, 26),
(147, 19571, 3, 2017, 3, 27),
(148, 25785, 4, 2017, 3, 28),
(149, 23281, 5, 2017, 3, 29),
(150, 12123, 6, 2017, 3, 30),
(151, 18496, 7, 2017, 3, 31),
(152, 17686, 8, 2017, 3, 32),
(153, 24312, 9, 2017, 3, 33),
(154, 27427, 10, 2017, 3, 34),
(155, 25296, 11, 2017, 3, 35),
(156, 26917, 12, 2017, 3, 36),
(157, 17019, 1, 2018, 3, 37),
(158, 17364, 2, 2018, 3, 38),
(159, 21312, 3, 2018, 3, 39),
(160, 31095, 4, 2018, 3, 40),
(161, 21649, 5, 2018, 3, 41),
(162, 26183, 6, 2018, 3, 42),
(163, 19583, 7, 2018, 3, 43),
(164, 22501, 8, 2018, 3, 44),
(165, 27795, 9, 2018, 3, 45),
(166, 32515, 10, 2018, 3, 46),
(167, 28709, 11, 2018, 3, 47),
(168, 28259, 12, 2018, 3, 48),
(169, 19002, 1, 2019, 3, 49),
(170, 17604, 2, 2019, 3, 50),
(171, 19347, 3, 2019, 3, 51),
(172, 27359, 4, 2019, 3, 52),
(173, 4139, 5, 2019, 3, 53),
(174, 38473, 6, 2019, 3, 54),
(175, 19893, 7, 2019, 3, 55),
(176, 15216, 8, 2019, 3, 56),
(177, 22474, 9, 2019, 3, 57),
(178, 24670, 10, 2019, 3, 58),
(179, 29821, 11, 2019, 3, 59),
(180, 39796, 12, 2019, 3, 60),
(181, 5444, 1, 2015, 4, 1),
(182, 1741, 2, 2015, 4, 2),
(183, 3494, 3, 2015, 4, 3),
(184, 3294, 4, 2015, 4, 4),
(185, 4972, 5, 2015, 4, 5),
(186, 6529, 6, 2015, 4, 6),
(187, 2858, 7, 2015, 4, 7),
(188, 3657, 8, 2015, 4, 8),
(189, 2821, 9, 2015, 4, 9),
(190, 3395, 10, 2015, 4, 10),
(191, 1801, 11, 2015, 4, 11),
(192, 3597, 12, 2015, 4, 12),
(193, 2921, 1, 2016, 4, 13),
(194, 3518, 2, 2016, 4, 14),
(195, 2513, 3, 2016, 4, 15),
(196, 3357, 4, 2016, 4, 16),
(197, 5500, 5, 2016, 4, 17),
(198, 913, 6, 2016, 4, 18),
(199, 4269, 7, 2016, 4, 19),
(200, 3241, 8, 2016, 4, 20),
(201, 3086, 9, 2016, 4, 21),
(202, 4354, 10, 2016, 4, 22),
(203, 2728, 11, 2016, 4, 23),
(204, 7668, 12, 2016, 4, 24),
(205, 5637, 1, 2017, 4, 25),
(206, 4039, 2, 2017, 4, 26),
(207, 3983, 3, 2017, 4, 27),
(208, 4759, 4, 2017, 4, 28),
(209, 7007, 5, 2017, 4, 29),
(210, 233, 6, 2017, 4, 30),
(211, 19339, 7, 2017, 4, 31),
(212, 2371, 8, 2017, 4, 32),
(213, 4134, 9, 2017, 4, 33),
(214, 6154, 10, 2017, 4, 34),
(215, 2623, 11, 2017, 4, 35),
(216, 5662, 12, 2017, 4, 36),
(217, 4574, 1, 2018, 4, 37),
(218, 2851, 2, 2018, 4, 38),
(219, 3120, 3, 2018, 4, 39),
(220, 6102, 4, 2018, 4, 40),
(221, 3399, 5, 2018, 4, 41),
(222, 3118, 6, 2018, 4, 42),
(223, 4997, 7, 2018, 4, 43),
(224, 2641, 8, 2018, 4, 44),
(225, 3501, 9, 2018, 4, 45),
(226, 3948, 10, 2018, 4, 46),
(227, 4507, 11, 2018, 4, 47),
(228, 4125, 12, 2018, 4, 48),
(229, 2890, 1, 2019, 4, 49),
(230, 3698, 2, 2019, 4, 50),
(231, 2868, 3, 2019, 4, 51),
(232, 5128, 4, 2019, 4, 52),
(233, 1445, 5, 2019, 4, 53),
(234, 5147, 6, 2019, 4, 54),
(235, 3643, 7, 2019, 4, 55),
(236, 1707, 8, 2019, 4, 56),
(237, 2958, 9, 2019, 4, 57),
(238, 2450, 10, 2019, 4, 58),
(239, 2521, 11, 2019, 4, 59),
(240, 3139, 12, 2019, 4, 60),
(241, 5927, 1, 2015, 5, 1),
(242, 2146, 2, 2015, 5, 2),
(243, 2470, 3, 2015, 5, 3),
(244, 2153, 4, 2015, 5, 4),
(245, 3294, 5, 2015, 5, 5),
(246, 4450, 6, 2015, 5, 6),
(247, 21803, 7, 2015, 5, 7),
(248, 2483, 8, 2015, 5, 8),
(249, 4190, 9, 2015, 5, 9),
(250, 3136, 10, 2015, 5, 10),
(251, 1696, 11, 2015, 5, 11),
(252, 8746, 12, 2015, 5, 12),
(253, 1268, 1, 2016, 5, 13),
(254, 3368, 2, 2016, 5, 14),
(255, 4444, 3, 2016, 5, 15),
(256, 3082, 4, 2016, 5, 16),
(257, 4973, 5, 2016, 5, 17),
(258, 1216, 6, 2016, 5, 18),
(259, 11200, 7, 2016, 5, 19),
(260, 3282, 8, 2016, 5, 20),
(261, 4223, 9, 2016, 5, 21),
(262, 2200, 10, 2016, 5, 22),
(263, 3324, 11, 2016, 5, 23),
(264, 6833, 12, 2016, 5, 24),
(265, 3114, 1, 2017, 5, 25),
(266, 2376, 2, 2017, 5, 26),
(267, 3368, 3, 2017, 5, 27),
(268, 3475, 4, 2017, 5, 28),
(269, 4301, 5, 2017, 5, 29),
(270, 650, 6, 2017, 5, 30),
(271, 26878, 7, 2017, 5, 31),
(272, 1725, 8, 2017, 5, 32),
(273, 2108, 9, 2017, 5, 33),
(274, 2205, 10, 2017, 5, 34),
(275, 2135, 11, 2017, 5, 35),
(276, 8229, 12, 2017, 5, 36),
(277, 4103, 1, 2018, 5, 37),
(278, 3159, 2, 2018, 5, 38),
(279, 2657, 3, 2018, 5, 39),
(280, 4652, 4, 2018, 5, 40),
(281, 4625, 5, 2018, 5, 41),
(282, 22424, 6, 2018, 5, 42),
(283, 11383, 7, 2018, 5, 43),
(284, 4210, 8, 2018, 5, 44),
(285, 3711, 9, 2018, 5, 45),
(286, 2907, 10, 2018, 5, 46),
(287, 5185, 11, 2018, 5, 47),
(288, 5220, 12, 2018, 5, 48),
(289, 3219, 1, 2019, 5, 49),
(290, 2794, 2, 2019, 5, 50),
(291, 3268, 3, 2019, 5, 51),
(292, 3230, 4, 2019, 5, 52),
(293, 1387, 5, 2019, 5, 53),
(294, 2627, 6, 2019, 5, 54),
(295, 4613, 7, 2019, 5, 55),
(296, 3634, 8, 2019, 5, 56),
(297, 3455, 9, 2019, 5, 57),
(298, 3102, 10, 2019, 5, 58),
(299, 4363, 11, 2019, 5, 59),
(300, 9725, 12, 2019, 5, 60),
(301, 112, 1, 2015, 6, 1),
(302, 69, 2, 2015, 6, 2),
(303, 72, 3, 2015, 6, 3),
(304, 79, 4, 2015, 6, 4),
(305, 124, 5, 2015, 6, 5),
(306, 108, 6, 2015, 6, 6),
(307, 67, 7, 2015, 6, 7),
(308, 131, 8, 2015, 6, 8),
(309, 177, 9, 2015, 6, 9),
(310, 174, 10, 2015, 6, 10),
(311, 146, 11, 2015, 6, 11),
(312, 152, 12, 2015, 6, 12),
(313, 100, 1, 2016, 6, 13),
(314, 123, 2, 2016, 6, 14),
(315, 81, 3, 2016, 6, 15),
(316, 145, 4, 2016, 6, 16),
(317, 116, 5, 2016, 6, 17),
(318, 113, 6, 2016, 6, 18),
(319, 113, 7, 2016, 6, 19),
(320, 129, 8, 2016, 6, 20),
(321, 170, 9, 2016, 6, 21),
(322, 131, 10, 2016, 6, 22),
(323, 127, 11, 2016, 6, 23),
(324, 136, 12, 2016, 6, 24),
(325, 177, 1, 2017, 6, 25),
(326, 180, 2, 2017, 6, 26),
(327, 211, 3, 2017, 6, 27),
(328, 228, 4, 2017, 6, 28),
(329, 223, 5, 2017, 6, 29),
(330, 169, 6, 2017, 6, 30),
(331, 169, 7, 2017, 6, 31),
(332, 290, 8, 2017, 6, 32),
(333, 184, 9, 2017, 6, 33),
(334, 241, 10, 2017, 6, 34),
(335, 264, 11, 2017, 6, 35),
(336, 148, 12, 2017, 6, 36),
(337, 110, 1, 2018, 6, 37),
(338, 97, 2, 2018, 6, 38),
(339, 96, 3, 2018, 6, 39),
(340, 182, 4, 2018, 6, 40),
(341, 226, 5, 2018, 6, 41),
(342, 157, 6, 2018, 6, 42),
(343, 212, 7, 2018, 6, 43),
(344, 432, 8, 2018, 6, 44),
(345, 122, 9, 2018, 6, 45),
(346, 148, 10, 2018, 6, 46),
(347, 127, 11, 2018, 6, 47),
(348, 172, 12, 2018, 6, 48),
(349, 151, 1, 2019, 6, 49),
(350, 99, 2, 2019, 6, 50),
(351, 140, 3, 2019, 6, 51),
(352, 99, 4, 2019, 6, 52),
(353, 88, 5, 2019, 6, 53),
(354, 67, 6, 2019, 6, 54),
(355, 74, 7, 2019, 6, 55),
(356, 130, 8, 2019, 6, 56),
(357, 46, 9, 2019, 6, 57),
(358, 69, 10, 2019, 6, 58),
(359, 64, 11, 2019, 6, 59),
(360, 84, 12, 2019, 6, 60);

--
-- Triggers `data_pengunjung`
--
DELIMITER $$
CREATE TRIGGER `bi_data_pengunjung` BEFORE INSERT ON `data_pengunjung` FOR EACH ROW BEGIN
DECLARE id_sebelumnya int(10);
DECLARE COUNT_id int(10);

DECLARE COUNT_id_Season int(10);
DECLARE t_sebelumnya int(10);
SELECT id_data_pengunjung into id_sebelumnya from data_pengunjung GROUP by id_data_pengunjung DESC LIMIT 1;
SELECT COUNT(id_data_pengunjung) INTO COUNT_id from data_pengunjung;

SELECT COUNT(id_data_pengunjung) INTO COUNT_id_Season from data_pengunjung where id_tourist_data_type=new.id_tourist_data_type;
SELECT t INTO t_sebelumnya from data_pengunjung where id_tourist_data_type=new.id_tourist_data_type GROUP by id_data_pengunjung DESC LIMIT 1;

if COUNT_id=0 THEN
set new.id_data_pengunjung=1;
ELSE
set new.id_data_pengunjung=id_sebelumnya+1;
END IF;

if COUNT_id_Season=0 THEN
set new.t=1;
ELSE
set new.t=t_sebelumnya+1;
END IF;
END
$$
DELIMITER ;

-- --------------------------------------------------------

--
-- Table structure for table `error_measurement`
--

CREATE TABLE `error_measurement` (
  `id_error_measurement` int(4) NOT NULL,
  `rsfe` decimal(20,8) DEFAULT NULL,
  `smape` decimal(20,8) DEFAULT NULL,
  `id_tourist_data_type` int(4) DEFAULT NULL,
  `id_method_type` int(4) DEFAULT NULL
) ENGINE=InnoDB DEFAULT CHARSET=latin1;

--
-- Dumping data for table `error_measurement`
--

INSERT INTO `error_measurement` (`id_error_measurement`, `rsfe`, `smape`, `id_tourist_data_type`, `id_method_type`) VALUES
(145, '-0.00037400', '25.68971754', 1, 1),
(146, '-102305.18075300', '22.82876491', 1, 2),
(147, '0.00070000', '23.82243500', 2, 1),
(148, '21.42996400', '23.59435833', 2, 2),
(149, '-0.00083500', '18.74372000', 3, 1),
(150, '-1300.39332400', '18.04862500', 3, 2),
(151, '0.00057000', '32.85980833', 4, 1),
(152, '-705.09210800', '32.32145667', 4, 2),
(153, '-0.00084500', '35.88541667', 5, 1),
(154, '-8699.59325900', '34.07650667', 5, 2),
(155, '0.00050000', '32.15594833', 6, 1),
(156, '0.94580900', '31.98920667', 6, 2);

-- --------------------------------------------------------

--
-- Table structure for table `forecast_future`
--

CREATE TABLE `forecast_future` (
  `id_forecast_future` int(4) NOT NULL,
  `season_future` int(4) DEFAULT NULL,
  `year_future` int(4) DEFAULT NULL,
  `t_future` int(4) DEFAULT NULL,
  `id_seasonal_index` int(4) DEFAULT NULL,
  `unadjusted_forecast` decimal(20,6) DEFAULT NULL,
  `adjusted_forecast` decimal(20,6) DEFAULT NULL,
  `id_tourist_data_type` int(4) DEFAULT NULL,
  `id_method_type` int(4) DEFAULT NULL
) ENGINE=InnoDB DEFAULT CHARSET=latin1;

--
-- Dumping data for table `forecast_future`
--

INSERT INTO `forecast_future` (`id_forecast_future`, `season_future`, `year_future`, `t_future`, `id_seasonal_index`, `unadjusted_forecast`, `adjusted_forecast`, `id_tourist_data_type`, `id_method_type`) VALUES
(1, 12, 2019, 61, 1788, '137370.945481', '157662.601731', 1, 1),
(2, 1, 2020, 62, 1777, '138843.624600', '126030.728766', 1, 1),
(3, 2, 2020, 63, 1778, '140316.303719', '110859.199552', 1, 1),
(4, 3, 2020, 64, 1779, '141788.982838', '127527.357838', 1, 1),
(5, 4, 2020, 65, 1780, '143261.661957', '156268.495290', 1, 1),
(6, 5, 2020, 66, 1781, '144734.341076', '123245.486909', 1, 1),
(7, 6, 2020, 67, 1782, '146207.020195', '131581.103528', 1, 1),
(8, 7, 2020, 68, 1783, '147679.699314', '184826.688898', 1, 1),
(9, 8, 2020, 69, 1784, '149152.378433', '122846.305516', 1, 1),
(10, 9, 2020, 70, 1785, '150625.057552', '156413.418663', 1, 1),
(11, 10, 2020, 71, 1786, '152097.736671', '186669.570004', 1, 1),
(12, 11, 2020, 72, 1787, '153570.415790', '151144.634540', 1, 1),
(13, 12, 2020, 73, 1788, '155043.094909', '175334.751159', 1, 1),
(14, 1, 2021, 74, 1777, '156515.774028', '143702.878194', 1, 1),
(15, 2, 2021, 75, 1778, '157988.453147', '128531.348980', 1, 1),
(16, 3, 2021, 76, 1779, '159461.132266', '145199.507266', 1, 1),
(17, 4, 2021, 77, 1780, '160933.811385', '173940.644718', 1, 1),
(18, 5, 2021, 78, 1781, '162406.490504', '140917.636337', 1, 1),
(19, 6, 2021, 79, 1782, '163879.169623', '149253.252956', 1, 1),
(20, 7, 2021, 80, 1783, '165351.848742', '202498.838326', 1, 1),
(21, 12, 2019, 61, 1800, '144238.041839', '183557.764758', 1, 2),
(22, 1, 2020, 62, 1789, '145913.857799', '129950.881756', 1, 2),
(23, 2, 2020, 63, 1790, '147589.673759', '103004.899572', 1, 2),
(24, 3, 2020, 64, 1791, '149265.489719', '127127.626408', 1, 2),
(25, 4, 2020, 65, 1792, '150941.305679', '167606.433356', 1, 2),
(26, 5, 2020, 66, 1793, '152617.121639', '131453.705381', 1, 2),
(27, 6, 2020, 67, 1794, '154292.937599', '116350.607021', 1, 2),
(28, 7, 2020, 68, 1795, '155968.753559', '234925.127611', 1, 2),
(29, 8, 2020, 69, 1796, '157644.569519', '110835.325136', 1, 2),
(30, 9, 2020, 70, 1797, '159320.385479', '165793.891382', 1, 2),
(31, 10, 2020, 71, 1798, '160996.201439', '212044.394003', 1, 2),
(32, 11, 2020, 72, 1799, '162672.017399', '150657.875554', 1, 2),
(33, 12, 2020, 73, 1800, '164347.833359', '209149.545776', 1, 2),
(34, 1, 2021, 74, 1789, '166023.649319', '147860.662084', 1, 2),
(35, 2, 2021, 75, 1790, '167699.465279', '117039.804611', 1, 2),
(36, 3, 2021, 76, 1791, '169375.281239', '144254.894528', 1, 2),
(37, 4, 2021, 77, 1792, '171051.097199', '189936.506739', 1, 2),
(38, 5, 2021, 78, 1793, '172726.913159', '148774.872111', 1, 2),
(39, 6, 2021, 79, 1794, '174402.729119', '131515.179599', 1, 2),
(40, 7, 2021, 80, 1795, '176078.545079', '265215.139111', 1, 2),
(41, 1, 2020, 62, 1801, '760.795562', '773.305979', 2, 1),
(42, 2, 2020, 63, 1802, '766.292065', '723.875398', 2, 1),
(43, 3, 2020, 64, 1803, '771.788568', '738.996901', 2, 1),
(44, 4, 2020, 65, 1804, '777.285071', '809.243404', 2, 1),
(45, 5, 2020, 66, 1805, '782.781574', '607.698241', 2, 1),
(46, 6, 2020, 67, 1806, '788.278077', '568.486410', 2, 1),
(47, 7, 2020, 68, 1807, '793.774580', '774.066247', 2, 1),
(48, 8, 2020, 69, 1808, '799.271083', '793.823166', 2, 1),
(49, 9, 2020, 70, 1809, '804.767586', '786.590503', 2, 1),
(50, 10, 2020, 71, 1810, '810.264089', '945.409922', 2, 1),
(51, 11, 2020, 72, 1811, '815.760592', '850.114759', 2, 1),
(52, 12, 2020, 73, 1812, '821.257095', '914.236262', 2, 1),
(53, 1, 2021, 74, 1801, '826.753598', '839.264015', 2, 1),
(54, 2, 2021, 75, 1802, '832.250101', '789.833434', 2, 1),
(55, 3, 2021, 76, 1803, '837.746604', '804.954937', 2, 1),
(56, 4, 2021, 77, 1804, '843.243107', '875.201440', 2, 1),
(57, 5, 2021, 78, 1805, '848.739610', '673.656277', 2, 1),
(58, 6, 2021, 79, 1806, '854.236113', '634.444446', 2, 1),
(59, 7, 2021, 80, 1807, '859.732616', '840.024283', 2, 1),
(60, 8, 2021, 81, 1808, '865.229119', '859.781202', 2, 1),
(61, 1, 2020, 62, 1813, '746.748040', '769.941287', 2, 2),
(62, 2, 2020, 63, 1814, '751.867841', '695.868724', 2, 2),
(63, 3, 2020, 64, 1815, '756.987642', '707.207378', 2, 2),
(64, 4, 2020, 65, 1816, '762.107443', '799.662574', 2, 2),
(65, 5, 2020, 66, 1817, '767.227244', '565.645958', 2, 2),
(66, 6, 2020, 67, 1818, '772.347045', '478.851306', 2, 2),
(67, 7, 2020, 68, 1819, '777.466846', '728.306840', 2, 2),
(68, 8, 2020, 69, 1820, '782.586647', '756.095306', 2, 2),
(69, 9, 2020, 70, 1821, '787.706448', '745.603538', 2, 2),
(70, 10, 2020, 71, 1822, '792.826249', '1016.479363', 2, 2),
(71, 11, 2020, 72, 1823, '797.946050', '843.448924', 2, 2),
(72, 12, 2020, 73, 1824, '803.065851', '942.768793', 2, 2),
(73, 1, 2021, 74, 1813, '808.185652', '833.287090', 2, 2),
(74, 2, 2021, 75, 1814, '813.305453', '752.730463', 2, 2),
(75, 3, 2021, 76, 1815, '818.425254', '764.604791', 2, 2),
(76, 4, 2021, 77, 1816, '823.545055', '864.127708', 2, 2),
(77, 5, 2021, 78, 1817, '828.664856', '610.941452', 2, 2),
(78, 6, 2021, 79, 1818, '833.784657', '516.942318', 2, 2),
(79, 7, 2021, 80, 1819, '838.904458', '785.859690', 2, 2),
(80, 8, 2021, 81, 1820, '844.024259', '815.453194', 2, 2),
(81, 1, 2020, 62, 1825, '25877.641988', '23586.225321', 3, 1),
(82, 2, 2020, 63, 1826, '26036.084425', '21366.417758', 3, 1),
(83, 3, 2020, 64, 1827, '26194.526862', '24264.610195', 3, 1),
(84, 4, 2020, 65, 1828, '26352.969299', '31482.333882', 3, 1),
(85, 5, 2020, 66, 1829, '26511.411736', '22592.755486', 3, 1),
(86, 6, 2020, 67, 1830, '26669.854173', '24913.468756', 3, 1),
(87, 7, 2020, 68, 1831, '26828.296610', '26205.254943', 3, 1),
(88, 8, 2020, 69, 1832, '26986.739047', '24016.634880', 3, 1),
(89, 9, 2020, 70, 1833, '27145.181484', '28770.806484', 3, 1),
(90, 10, 2020, 71, 1834, '27303.623921', '32229.801004', 3, 1),
(91, 11, 2020, 72, 1835, '27462.066358', '28359.337191', 3, 1),
(92, 12, 2020, 73, 1836, '27620.508795', '32896.196295', 3, 1),
(93, 1, 2021, 74, 1825, '27778.951232', '25487.534565', 3, 1),
(94, 2, 2021, 75, 1826, '27937.393669', '23267.727002', 3, 1),
(95, 3, 2021, 76, 1827, '28095.836106', '26165.919439', 3, 1),
(96, 4, 2021, 77, 1828, '28254.278543', '33383.643126', 3, 1),
(97, 5, 2021, 78, 1829, '28412.720980', '24494.064730', 3, 1),
(98, 6, 2021, 79, 1830, '28571.163417', '26814.778000', 3, 1),
(99, 7, 2021, 80, 1831, '28729.605854', '28106.564187', 3, 1),
(100, 8, 2021, 81, 1832, '28888.048291', '25917.944124', 3, 1),
(101, 1, 2020, 62, 1837, '25669.814437', '23356.296741', 3, 2),
(102, 2, 2020, 63, 1838, '25821.503507', '20165.767951', 3, 2),
(103, 3, 2020, 64, 1839, '25973.192577', '23671.889795', 3, 2),
(104, 4, 2020, 65, 1840, '26124.881647', '32327.790671', 3, 2),
(105, 5, 2020, 66, 1841, '26276.570717', '21885.151389', 3, 2),
(106, 6, 2020, 67, 1842, '26428.259787', '23182.975198', 3, 2),
(107, 7, 2020, 68, 1843, '26579.948857', '26144.037696', 3, 2),
(108, 8, 2020, 69, 1844, '26731.637927', '22597.349537', 3, 2),
(109, 9, 2020, 70, 1845, '26883.326997', '28765.267420', 3, 2),
(110, 10, 2020, 71, 1846, '27035.016067', '33139.414555', 3, 2),
(111, 11, 2020, 72, 1847, '27186.705137', '28034.033176', 3, 2),
(112, 12, 2020, 73, 1848, '27338.394207', '34492.113834', 3, 2),
(113, 1, 2021, 74, 1837, '27490.083277', '25012.512032', 3, 2),
(114, 2, 2021, 75, 1838, '27641.772347', '21587.339666', 3, 2),
(115, 3, 2021, 76, 1839, '27793.461417', '25330.877355', 3, 2),
(116, 4, 2021, 77, 1840, '27945.150487', '34580.251403', 3, 2),
(117, 5, 2021, 78, 1841, '28096.839557', '23401.211440', 3, 2),
(118, 6, 2021, 79, 1842, '28248.528627', '24779.722306', 3, 2),
(119, 7, 2021, 80, 1843, '28400.217697', '27934.454127', 3, 2),
(120, 8, 2021, 81, 1844, '28551.906767', '24136.097418', 3, 2),
(121, 1, 2020, 62, 1849, '3759.430564', '3669.315981', 4, 1),
(122, 2, 2020, 63, 1850, '3752.172358', '3195.193191', 4, 1),
(123, 3, 2020, 64, 1851, '3744.914152', '2801.320402', 4, 1),
(124, 4, 2020, 65, 1852, '3737.655946', '4517.978863', 4, 1),
(125, 5, 2020, 66, 1853, '3730.397740', '4014.314407', 4, 1),
(126, 6, 2020, 67, 1854, '3723.139534', '2019.327034', 4, 1),
(127, 7, 2020, 68, 1855, '3715.881328', '7431.256328', 4, 1),
(128, 8, 2020, 69, 1856, '3708.623122', '2541.966872', 4, 1),
(129, 9, 2020, 70, 1857, '3701.364916', '2928.844082', 4, 1),
(130, 10, 2020, 71, 1858, '3694.106710', '3986.252543', 4, 1),
(131, 11, 2020, 72, 1859, '3686.848504', '2448.629754', 4, 1),
(132, 12, 2020, 73, 1860, '3679.590298', '4840.756965', 4, 1),
(133, 1, 2021, 74, 1849, '3672.332092', '3582.217509', 4, 1),
(134, 2, 2021, 75, 1850, '3665.073886', '3108.094719', 4, 1),
(135, 3, 2021, 76, 1851, '3657.815680', '2714.221930', 4, 1),
(136, 4, 2021, 77, 1852, '3650.557474', '4430.880391', 4, 1),
(137, 5, 2021, 78, 1853, '3643.299268', '3927.215935', 4, 1),
(138, 6, 2021, 79, 1854, '3636.041062', '1932.228562', 4, 1),
(139, 7, 2021, 80, 1855, '3628.782856', '7344.157856', 4, 1),
(140, 8, 2021, 81, 1856, '3621.524650', '2454.868400', 4, 1),
(141, 1, 2020, 62, 1861, '3767.644927', '3624.930305', 4, 2),
(142, 2, 2020, 63, 1862, '3759.966194', '3358.401804', 4, 2),
(143, 3, 2020, 64, 1863, '3752.287461', '2905.501245', 4, 2),
(144, 4, 2020, 65, 1864, '3744.608728', '4606.625146', 4, 2),
(145, 5, 2020, 66, 1865, '3736.929995', '3926.840777', 4, 2),
(146, 6, 2020, 67, 1866, '3729.251262', '2525.896465', 4, 2),
(147, 7, 2020, 68, 1867, '3721.572529', '6315.545797', 4, 2),
(148, 8, 2020, 69, 1868, '3713.893796', '2794.337406', 4, 2),
(149, 9, 2020, 70, 1869, '3706.215063', '3028.896848', 4, 2),
(150, 10, 2020, 71, 1870, '3698.536330', '3917.511872', 4, 2),
(151, 11, 2020, 72, 1871, '3690.857597', '2669.538246', 4, 2),
(152, 12, 2020, 73, 1872, '3683.178864', '4700.086132', 4, 2),
(153, 1, 2021, 74, 1861, '3675.500131', '3536.275862', 4, 2),
(154, 2, 2021, 75, 1862, '3667.821398', '3276.098073', 4, 2),
(155, 3, 2021, 76, 1863, '3660.142665', '2834.150950', 4, 2),
(156, 4, 2021, 77, 1864, '3652.463932', '4493.268434', 4, 2),
(157, 5, 2021, 78, 1865, '3644.785199', '3830.013183', 4, 2),
(158, 6, 2021, 79, 1866, '3637.106466', '2463.484952', 4, 2),
(159, 7, 2021, 80, 1867, '3629.427733', '6159.175157', 4, 2),
(160, 8, 2021, 81, 1868, '3621.749000', '2725.007569', 4, 2),
(161, 1, 2020, 62, 1873, '4616.071123', '2662.966956', 5, 1),
(162, 2, 2020, 63, 1874, '4612.145531', '2824.364281', 5, 1),
(163, 3, 2020, 64, 1875, '4608.219939', '3326.105356', 5, 1),
(164, 4, 2020, 65, 1876, '4604.294347', '3505.690180', 5, 1),
(165, 5, 2020, 66, 1877, '4600.368755', '3686.087505', 5, 1),
(166, 6, 2020, 67, 1878, '4596.443163', '6551.932747', 5, 1),
(167, 7, 2020, 68, 1879, '4592.517571', '17296.996738', 5, 1),
(168, 8, 2020, 69, 1880, '4588.591979', '2423.529479', 5, 1),
(169, 9, 2020, 70, 1881, '4584.666387', '3037.541387', 5, 1),
(170, 10, 2020, 71, 1882, '4580.740795', '2068.084545', 5, 1),
(171, 11, 2020, 72, 1883, '4576.815203', '2545.804786', 5, 1),
(172, 12, 2020, 73, 1884, '4572.889611', '6752.733361', 5, 1),
(173, 1, 2021, 74, 1873, '4568.964019', '2615.859852', 5, 1),
(174, 2, 2021, 75, 1874, '4565.038427', '2777.257177', 5, 1),
(175, 3, 2021, 76, 1875, '4561.112835', '3278.998252', 5, 1),
(176, 4, 2021, 77, 1876, '4557.187243', '3458.583076', 5, 1),
(177, 5, 2021, 78, 1877, '4553.261651', '3638.980401', 5, 1),
(178, 6, 2021, 79, 1878, '4549.336059', '6504.825643', 5, 1),
(179, 7, 2021, 80, 1879, '4545.410467', '17249.889634', 5, 1),
(180, 8, 2021, 81, 1880, '4541.484875', '2376.422375', 5, 1),
(181, 1, 2020, 62, 1885, '5399.155890', '3271.359352', 5, 2),
(182, 2, 2020, 63, 1886, '5413.790191', '3504.319322', 5, 2),
(183, 3, 2020, 64, 1887, '5428.424492', '4195.471866', 5, 2),
(184, 4, 2020, 65, 1888, '5443.058793', '4238.831023', 5, 2),
(185, 5, 2020, 66, 1889, '5457.693094', '4339.935718', 5, 2),
(186, 6, 2020, 67, 1890, '5472.327395', '6434.192909', 5, 2),
(187, 7, 2020, 68, 1891, '5486.961696', '19413.128368', 5, 2),
(188, 8, 2020, 69, 1892, '5501.595997', '3177.540295', 5, 2),
(189, 9, 2020, 70, 1893, '5516.230298', '3960.862971', 5, 2),
(190, 10, 2020, 71, 1894, '5530.864599', '2835.132255', 5, 2),
(191, 11, 2020, 72, 1895, '5545.498900', '3358.853229', 5, 2),
(192, 12, 2020, 73, 1896, '5560.133201', '8025.373939', 5, 2),
(193, 1, 2021, 74, 1885, '5574.767502', '3377.762779', 5, 2),
(194, 2, 2021, 75, 1886, '5589.401803', '3617.991840', 5, 2),
(195, 3, 2021, 76, 1887, '5604.036104', '4331.196988', 5, 2),
(196, 4, 2021, 77, 1888, '5618.670405', '4375.590146', 5, 2),
(197, 5, 2021, 78, 1889, '5633.304706', '4479.581369', 5, 2),
(198, 6, 2021, 79, 1890, '5647.939007', '6640.671598', 5, 2),
(199, 7, 2021, 80, 1891, '5662.573308', '20034.450505', 5, 2),
(200, 8, 2021, 81, 1892, '5677.207609', '3278.967767', 5, 2),
(201, 1, 2020, 62, 1897, '140.330740', '117.674490', 6, 1),
(202, 2, 2020, 63, 1898, '140.292706', '107.823956', 6, 1),
(203, 3, 2020, 64, 1899, '140.254672', '116.410922', 6, 1),
(204, 4, 2020, 65, 1900, '140.216638', '150.331222', 6, 1),
(205, 5, 2020, 66, 1901, '140.178604', '151.991104', 6, 1),
(206, 6, 2020, 67, 1902, '140.140570', '116.765570', 6, 1),
(207, 7, 2020, 68, 1903, '140.102536', '124.529619', 6, 1),
(208, 8, 2020, 69, 1904, '140.064502', '229.022836', 6, 1),
(209, 9, 2020, 70, 1905, '140.026468', '145.713968', 6, 1),
(210, 10, 2020, 71, 1906, '139.988434', '155.009268', 6, 1),
(211, 11, 2020, 72, 1907, '139.950400', '147.637900', 6, 1),
(212, 12, 2020, 73, 1908, '139.912366', '134.401949', 6, 1),
(213, 1, 2021, 74, 1897, '139.874332', '117.218082', 6, 1),
(214, 2, 2021, 75, 1898, '139.836298', '107.367548', 6, 1),
(215, 3, 2021, 76, 1899, '139.798264', '115.954514', 6, 1),
(216, 4, 2021, 77, 1900, '139.760230', '149.874814', 6, 1),
(217, 5, 2021, 78, 1901, '139.722196', '151.534696', 6, 1),
(218, 6, 2021, 79, 1902, '139.684162', '116.309162', 6, 1),
(219, 7, 2021, 80, 1903, '139.646128', '124.073211', 6, 1),
(220, 8, 2021, 81, 1904, '139.608094', '228.566428', 6, 1),
(221, 1, 2020, 62, 1909, '141.305936', '121.630639', 6, 2),
(222, 2, 2020, 63, 1910, '141.275949', '113.819110', 6, 2),
(223, 3, 2020, 64, 1911, '141.245962', '122.803194', 6, 2),
(224, 4, 2020, 65, 1912, '141.215975', '148.879766', 6, 2),
(225, 5, 2020, 66, 1913, '141.185988', '147.174392', 6, 2),
(226, 6, 2020, 67, 1914, '141.156001', '117.651409', 6, 2),
(227, 7, 2020, 68, 1915, '141.126014', '123.521673', 6, 2),
(228, 8, 2020, 69, 1916, '141.096027', '211.046499', 6, 2),
(229, 9, 2020, 70, 1917, '141.066040', '152.404928', 6, 2),
(230, 10, 2020, 71, 1918, '141.036053', '156.099691', 6, 2),
(231, 11, 2020, 72, 1919, '141.006066', '147.039293', 6, 2),
(232, 12, 2020, 73, 1920, '140.976079', '138.570604', 6, 2),
(233, 1, 2021, 74, 1909, '140.946092', '121.320899', 6, 2),
(234, 2, 2021, 75, 1910, '140.916105', '113.529201', 6, 2),
(235, 3, 2021, 76, 1911, '140.886118', '122.490336', 6, 2),
(236, 4, 2021, 77, 1912, '140.856131', '148.500393', 6, 2),
(237, 5, 2021, 78, 1913, '140.826144', '146.799285', 6, 2),
(238, 6, 2021, 79, 1914, '140.796157', '117.351485', 6, 2),
(239, 7, 2021, 80, 1915, '140.766170', '123.206716', 6, 2),
(240, 8, 2021, 81, 1916, '140.736183', '210.508257', 6, 2);

-- --------------------------------------------------------

--
-- Table structure for table `method_type`
--

CREATE TABLE `method_type` (
  `id_method_type` int(4) NOT NULL,
  `method_type` varchar(13) DEFAULT NULL
) ENGINE=InnoDB DEFAULT CHARSET=latin1;

--
-- Dumping data for table `method_type`
--

INSERT INTO `method_type` (`id_method_type`, `method_type`) VALUES
(1, 'Aditif'),
(2, 'Multiplikatif');

-- --------------------------------------------------------

--
-- Table structure for table `seasonal_index`
--

CREATE TABLE `seasonal_index` (
  `id_seasonal_index` int(4) NOT NULL,
  `id_tourist_data_type` int(4) DEFAULT NULL,
  `seasonal_index` decimal(20,6) DEFAULT NULL,
  `month` int(4) DEFAULT NULL,
  `id_method_type` int(4) DEFAULT NULL
) ENGINE=InnoDB DEFAULT CHARSET=latin1;

--
-- Dumping data for table `seasonal_index`
--

INSERT INTO `seasonal_index` (`id_seasonal_index`, `id_tourist_data_type`, `seasonal_index`, `month`, `id_method_type`) VALUES
(1777, 1, '-12812.895834', 1, 1),
(1778, 1, '-29457.104167', 2, 1),
(1779, 1, '-14261.625000', 3, 1),
(1780, 1, '13006.833333', 4, 1),
(1781, 1, '-21488.854167', 5, 1),
(1782, 1, '-14625.916667', 6, 1),
(1783, 1, '37146.989584', 7, 1),
(1784, 1, '-26306.072917', 8, 1),
(1785, 1, '5788.361111', 9, 1),
(1786, 1, '34571.833333', 10, 1),
(1787, 1, '-2425.781250', 11, 1),
(1788, 1, '20291.656250', 12, 1),
(1789, 1, '0.890600', 1, 2),
(1790, 1, '0.697914', 2, 2),
(1791, 1, '0.851688', 3, 2),
(1792, 1, '1.110408', 4, 2),
(1793, 1, '0.861330', 5, 2),
(1794, 1, '0.754089', 6, 2),
(1795, 1, '1.506232', 7, 2),
(1796, 1, '0.703071', 8, 2),
(1797, 1, '1.040632', 9, 2),
(1798, 1, '1.317077', 10, 2),
(1799, 1, '0.926145', 11, 2),
(1800, 1, '1.272603', 12, 2),
(1801, 2, '12.510417', 1, 1),
(1802, 2, '-42.416667', 2, 1),
(1803, 2, '-32.791667', 3, 1),
(1804, 2, '31.958333', 4, 1),
(1805, 2, '-175.083333', 5, 1),
(1806, 2, '-219.791667', 6, 1),
(1807, 2, '-19.708333', 7, 1),
(1808, 2, '-5.447917', 8, 1),
(1809, 2, '-18.177083', 9, 1),
(1810, 2, '135.145833', 10, 1),
(1811, 2, '34.354167', 11, 1),
(1812, 2, '92.979167', 12, 1),
(1813, 2, '1.031059', 1, 2),
(1814, 2, '0.925520', 2, 2),
(1815, 2, '0.934239', 3, 2),
(1816, 2, '1.049278', 4, 2),
(1817, 2, '0.737260', 5, 2),
(1818, 2, '0.619995', 6, 2),
(1819, 2, '0.936769', 7, 2),
(1820, 2, '0.966149', 8, 2),
(1821, 2, '0.946550', 9, 2),
(1822, 2, '1.282096', 10, 2),
(1823, 2, '1.057025', 11, 2),
(1824, 2, '1.173962', 12, 2),
(1825, 3, '-2291.416667', 1, 1),
(1826, 3, '-4669.666667', 2, 1),
(1827, 3, '-1929.916667', 3, 1),
(1828, 3, '5129.364583', 4, 1),
(1829, 3, '-3918.656250', 5, 1),
(1830, 3, '-1756.385417', 6, 1),
(1831, 3, '-623.041667', 7, 1),
(1832, 3, '-2970.104167', 8, 1),
(1833, 3, '1625.625000', 9, 1),
(1834, 3, '4926.177083', 10, 1),
(1835, 3, '897.270833', 11, 1),
(1836, 3, '5275.687500', 12, 1),
(1837, 3, '0.909874', 1, 2),
(1838, 3, '0.780968', 2, 2),
(1839, 3, '0.911397', 3, 2),
(1840, 3, '1.237433', 4, 2),
(1841, 3, '0.832877', 5, 2),
(1842, 3, '0.877204', 6, 2),
(1843, 3, '0.983600', 7, 2),
(1844, 3, '0.845341', 8, 2),
(1845, 3, '1.070004', 9, 2),
(1846, 3, '1.225796', 10, 2),
(1847, 3, '1.031167', 11, 2),
(1848, 3, '1.261673', 12, 2),
(1849, 4, '-90.114583', 1, 1),
(1850, 4, '-556.979167', 2, 1),
(1851, 4, '-943.593750', 3, 1),
(1852, 4, '780.322917', 4, 1),
(1853, 4, '283.916667', 5, 1),
(1854, 4, '-1703.812500', 6, 1),
(1855, 4, '3715.375000', 7, 1),
(1856, 4, '-1166.656250', 8, 1),
(1857, 4, '-772.520834', 9, 1),
(1858, 4, '292.145833', 10, 1),
(1859, 4, '-1238.218750', 11, 1),
(1860, 4, '1161.166667', 12, 1),
(1861, 4, '0.962121', 1, 2),
(1862, 4, '0.893200', 2, 2),
(1863, 4, '0.774328', 3, 2),
(1864, 4, '1.230202', 4, 2),
(1865, 4, '1.050820', 5, 2),
(1866, 4, '0.677320', 6, 2),
(1867, 4, '1.697010', 7, 2),
(1868, 4, '0.752401', 8, 2),
(1869, 4, '0.817248', 9, 2),
(1870, 4, '1.059206', 10, 2),
(1871, 4, '0.723284', 11, 2),
(1872, 4, '1.276095', 12, 2),
(1873, 5, '-1953.104167', 1, 1),
(1874, 5, '-1787.781250', 2, 1),
(1875, 5, '-1282.114583', 3, 1),
(1876, 5, '-1098.604167', 4, 1),
(1877, 5, '-914.281250', 5, 1),
(1878, 5, '1955.489584', 6, 1),
(1879, 5, '12704.479167', 7, 1),
(1880, 5, '-2165.062500', 8, 1),
(1881, 5, '-1547.125000', 9, 1),
(1882, 5, '-2512.656250', 10, 1),
(1883, 5, '-2031.010417', 11, 1),
(1884, 5, '2179.843750', 12, 1),
(1885, 5, '0.605902', 1, 2),
(1886, 5, '0.647295', 2, 2),
(1887, 5, '0.772871', 3, 2),
(1888, 5, '0.778759', 4, 2),
(1889, 5, '0.795196', 5, 2),
(1890, 5, '1.175769', 6, 2),
(1891, 5, '3.538047', 7, 2),
(1892, 5, '0.577567', 8, 2),
(1893, 5, '0.718038', 9, 2),
(1894, 5, '0.512602', 10, 2),
(1895, 5, '0.605690', 11, 2),
(1896, 5, '1.443378', 12, 2),
(1897, 6, '-22.656250', 1, 1),
(1898, 6, '-32.468750', 2, 1),
(1899, 6, '-23.843750', 3, 1),
(1900, 6, '10.114584', 4, 1),
(1901, 6, '11.812500', 5, 1),
(1902, 6, '-23.375000', 6, 1),
(1903, 6, '-15.572917', 7, 1),
(1904, 6, '88.958334', 8, 1),
(1905, 6, '5.687500', 9, 1),
(1906, 6, '15.020834', 10, 1),
(1907, 6, '7.687500', 11, 1),
(1908, 6, '-5.510417', 12, 1),
(1909, 6, '0.860761', 1, 2),
(1910, 6, '0.805651', 2, 2),
(1911, 6, '0.869428', 3, 2),
(1912, 6, '1.054270', 4, 2),
(1913, 6, '1.042415', 5, 2),
(1914, 6, '0.833485', 6, 2),
(1915, 6, '0.875258', 7, 2),
(1916, 6, '1.495765', 8, 2),
(1917, 6, '1.080380', 9, 2),
(1918, 6, '1.106807', 10, 2),
(1919, 6, '1.042787', 11, 2),
(1920, 6, '0.982937', 12, 2);

-- --------------------------------------------------------

--
-- Table structure for table `tourist_data_type`
--

CREATE TABLE `tourist_data_type` (
  `id_tourist_data_type` int(4) NOT NULL,
  `tourist_data_type` varchar(35) DEFAULT NULL,
  `data_type` enum('kumulatif','tempat wisata') DEFAULT NULL
) ENGINE=InnoDB DEFAULT CHARSET=latin1;

--
-- Dumping data for table `tourist_data_type`
--

INSERT INTO `tourist_data_type` (`id_tourist_data_type`, `tourist_data_type`, `data_type`) VALUES
(1, 'KUMULATIF', 'kumulatif'),
(2, 'ASTA KATANDUR', 'tempat wisata'),
(3, 'MAKAM ASTA TINGGI', 'tempat wisata'),
(4, 'MUSEUM DAN KERATON', 'tempat wisata'),
(5, 'PANTAI LOMBANG', 'tempat wisata'),
(6, 'SITUS BENTENG', 'tempat wisata');

-- --------------------------------------------------------

--
-- Table structure for table `user`
--

CREATE TABLE `user` (
  `id_user` int(4) NOT NULL,
  `email` varchar(25) DEFAULT NULL,
  `password` varchar(128) DEFAULT NULL
) ENGINE=InnoDB DEFAULT CHARSET=latin1;

--
-- Dumping data for table `user`
--

INSERT INTO `user` (`id_user`, `email`, `password`) VALUES
(1, 'admin@admin', '$2y$10$xyJzbC4Q8FMkI/8ivcCD0er5SBKlua3wU5qHaBkC.A55dj7qdbkYe');

--
-- Indexes for dumped tables
--

--
-- Indexes for table `calculate_ctdma`
--
ALTER TABLE `calculate_ctdma`
  ADD PRIMARY KEY (`id_calculate_ctdma`),
  ADD KEY `id_data_pengunjung` (`id_data_pengunjung`);

--
-- Indexes for table `calculate_forecasting`
--
ALTER TABLE `calculate_forecasting`
  ADD PRIMARY KEY (`id_calculate_forecasting`),
  ADD KEY `id_data_pengunjung` (`id_data_pengunjung`),
  ADD KEY `id_method_type` (`id_method_type`);

--
-- Indexes for table `calculate_ratio`
--
ALTER TABLE `calculate_ratio`
  ADD PRIMARY KEY (`id_calculate_ratio`),
  ADD KEY `id_data_pengunjung` (`id_data_pengunjung`),
  ADD KEY `id_method_type` (`id_method_type`);

--
-- Indexes for table `calculate_smoothed`
--
ALTER TABLE `calculate_smoothed`
  ADD PRIMARY KEY (`id_calculate_smoothed`),
  ADD KEY `id_data_pengunjung` (`id_data_pengunjung`),
  ADD KEY `id_method_type` (`id_method_type`);

--
-- Indexes for table `coefficient_parameter`
--
ALTER TABLE `coefficient_parameter`
  ADD PRIMARY KEY (`id_coefficient_parameter`),
  ADD KEY `id_season_type` (`id_tourist_data_type`),
  ADD KEY `id_method_type` (`id_method_type`);

--
-- Indexes for table `data_pengunjung`
--
ALTER TABLE `data_pengunjung`
  ADD PRIMARY KEY (`id_data_pengunjung`),
  ADD KEY `id_season_type` (`id_tourist_data_type`);

--
-- Indexes for table `error_measurement`
--
ALTER TABLE `error_measurement`
  ADD PRIMARY KEY (`id_error_measurement`),
  ADD KEY `id_season_type` (`id_tourist_data_type`),
  ADD KEY `id_method_type` (`id_method_type`);

--
-- Indexes for table `forecast_future`
--
ALTER TABLE `forecast_future`
  ADD PRIMARY KEY (`id_forecast_future`),
  ADD KEY `id_season_type` (`id_tourist_data_type`),
  ADD KEY `id_method_type` (`id_method_type`),
  ADD KEY `id_seasonal_index` (`id_seasonal_index`);

--
-- Indexes for table `method_type`
--
ALTER TABLE `method_type`
  ADD PRIMARY KEY (`id_method_type`);

--
-- Indexes for table `seasonal_index`
--
ALTER TABLE `seasonal_index`
  ADD PRIMARY KEY (`id_seasonal_index`),
  ADD KEY `id_season_type` (`id_tourist_data_type`),
  ADD KEY `id_method_type` (`id_method_type`);

--
-- Indexes for table `tourist_data_type`
--
ALTER TABLE `tourist_data_type`
  ADD PRIMARY KEY (`id_tourist_data_type`);

--
-- Indexes for table `user`
--
ALTER TABLE `user`
  ADD PRIMARY KEY (`id_user`);

--
-- AUTO_INCREMENT for dumped tables
--

--
-- AUTO_INCREMENT for table `calculate_ratio`
--
ALTER TABLE `calculate_ratio`
  MODIFY `id_calculate_ratio` int(4) NOT NULL AUTO_INCREMENT, AUTO_INCREMENT=9539;

--
-- AUTO_INCREMENT for table `calculate_smoothed`
--
ALTER TABLE `calculate_smoothed`
  MODIFY `id_calculate_smoothed` int(4) NOT NULL AUTO_INCREMENT, AUTO_INCREMENT=9539;

--
-- AUTO_INCREMENT for table `coefficient_parameter`
--
ALTER TABLE `coefficient_parameter`
  MODIFY `id_coefficient_parameter` int(4) NOT NULL AUTO_INCREMENT, AUTO_INCREMENT=161;

--
-- AUTO_INCREMENT for table `error_measurement`
--
ALTER TABLE `error_measurement`
  MODIFY `id_error_measurement` int(4) NOT NULL AUTO_INCREMENT, AUTO_INCREMENT=157;

--
-- AUTO_INCREMENT for table `forecast_future`
--
ALTER TABLE `forecast_future`
  MODIFY `id_forecast_future` int(4) NOT NULL AUTO_INCREMENT, AUTO_INCREMENT=241;

--
-- AUTO_INCREMENT for table `method_type`
--
ALTER TABLE `method_type`
  MODIFY `id_method_type` int(4) NOT NULL AUTO_INCREMENT, AUTO_INCREMENT=3;

--
-- AUTO_INCREMENT for table `seasonal_index`
--
ALTER TABLE `seasonal_index`
  MODIFY `id_seasonal_index` int(4) NOT NULL AUTO_INCREMENT, AUTO_INCREMENT=1921;

--
-- AUTO_INCREMENT for table `tourist_data_type`
--
ALTER TABLE `tourist_data_type`
  MODIFY `id_tourist_data_type` int(4) NOT NULL AUTO_INCREMENT, AUTO_INCREMENT=10;

--
-- AUTO_INCREMENT for table `user`
--
ALTER TABLE `user`
  MODIFY `id_user` int(4) NOT NULL AUTO_INCREMENT, AUTO_INCREMENT=2;

--
-- Constraints for dumped tables
--

--
-- Constraints for table `calculate_ctdma`
--
ALTER TABLE `calculate_ctdma`
  ADD CONSTRAINT `calculate_ctdma_ibfk_1` FOREIGN KEY (`id_data_pengunjung`) REFERENCES `data_pengunjung` (`id_data_pengunjung`) ON DELETE CASCADE ON UPDATE CASCADE;

--
-- Constraints for table `calculate_forecasting`
--
ALTER TABLE `calculate_forecasting`
  ADD CONSTRAINT `calculate_forecasting_ibfk_1` FOREIGN KEY (`id_data_pengunjung`) REFERENCES `data_pengunjung` (`id_data_pengunjung`) ON DELETE CASCADE ON UPDATE CASCADE,
  ADD CONSTRAINT `calculate_forecasting_ibfk_3` FOREIGN KEY (`id_method_type`) REFERENCES `method_type` (`id_method_type`) ON DELETE CASCADE ON UPDATE CASCADE;

--
-- Constraints for table `calculate_ratio`
--
ALTER TABLE `calculate_ratio`
  ADD CONSTRAINT `calculate_ratio_ibfk_1` FOREIGN KEY (`id_data_pengunjung`) REFERENCES `data_pengunjung` (`id_data_pengunjung`) ON DELETE CASCADE ON UPDATE CASCADE,
  ADD CONSTRAINT `calculate_ratio_ibfk_2` FOREIGN KEY (`id_method_type`) REFERENCES `method_type` (`id_method_type`) ON DELETE CASCADE ON UPDATE CASCADE;

--
-- Constraints for table `calculate_smoothed`
--
ALTER TABLE `calculate_smoothed`
  ADD CONSTRAINT `calculate_smoothed_ibfk_1` FOREIGN KEY (`id_data_pengunjung`) REFERENCES `data_pengunjung` (`id_data_pengunjung`) ON DELETE CASCADE ON UPDATE CASCADE,
  ADD CONSTRAINT `calculate_smoothed_ibfk_2` FOREIGN KEY (`id_method_type`) REFERENCES `method_type` (`id_method_type`) ON DELETE CASCADE ON UPDATE CASCADE;

--
-- Constraints for table `coefficient_parameter`
--
ALTER TABLE `coefficient_parameter`
  ADD CONSTRAINT `coefficient_parameter_ibfk_2` FOREIGN KEY (`id_method_type`) REFERENCES `method_type` (`id_method_type`) ON DELETE CASCADE ON UPDATE CASCADE,
  ADD CONSTRAINT `coefficient_parameter_ibfk_3` FOREIGN KEY (`id_tourist_data_type`) REFERENCES `tourist_data_type` (`id_tourist_data_type`) ON DELETE CASCADE ON UPDATE CASCADE;

--
-- Constraints for table `data_pengunjung`
--
ALTER TABLE `data_pengunjung`
  ADD CONSTRAINT `data_pengunjung_ibfk_1` FOREIGN KEY (`id_tourist_data_type`) REFERENCES `tourist_data_type` (`id_tourist_data_type`) ON DELETE CASCADE ON UPDATE CASCADE;

--
-- Constraints for table `error_measurement`
--
ALTER TABLE `error_measurement`
  ADD CONSTRAINT `error_measurement_ibfk_2` FOREIGN KEY (`id_method_type`) REFERENCES `method_type` (`id_method_type`) ON DELETE CASCADE ON UPDATE CASCADE,
  ADD CONSTRAINT `error_measurement_ibfk_3` FOREIGN KEY (`id_tourist_data_type`) REFERENCES `tourist_data_type` (`id_tourist_data_type`) ON DELETE CASCADE ON UPDATE CASCADE;

--
-- Constraints for table `forecast_future`
--
ALTER TABLE `forecast_future`
  ADD CONSTRAINT `forecast_future_ibfk_2` FOREIGN KEY (`id_method_type`) REFERENCES `method_type` (`id_method_type`) ON DELETE CASCADE ON UPDATE CASCADE,
  ADD CONSTRAINT `forecast_future_ibfk_3` FOREIGN KEY (`id_seasonal_index`) REFERENCES `seasonal_index` (`id_seasonal_index`) ON DELETE CASCADE ON UPDATE CASCADE,
  ADD CONSTRAINT `forecast_future_ibfk_4` FOREIGN KEY (`id_tourist_data_type`) REFERENCES `tourist_data_type` (`id_tourist_data_type`) ON DELETE CASCADE ON UPDATE CASCADE;

--
-- Constraints for table `seasonal_index`
--
ALTER TABLE `seasonal_index`
  ADD CONSTRAINT `seasonal_index_ibfk_2` FOREIGN KEY (`id_method_type`) REFERENCES `method_type` (`id_method_type`) ON DELETE CASCADE ON UPDATE CASCADE,
  ADD CONSTRAINT `seasonal_index_ibfk_3` FOREIGN KEY (`id_tourist_data_type`) REFERENCES `tourist_data_type` (`id_tourist_data_type`) ON DELETE CASCADE ON UPDATE CASCADE;
COMMIT;

/*!40101 SET CHARACTER_SET_CLIENT=@OLD_CHARACTER_SET_CLIENT */;
/*!40101 SET CHARACTER_SET_RESULTS=@OLD_CHARACTER_SET_RESULTS */;
/*!40101 SET COLLATION_CONNECTION=@OLD_COLLATION_CONNECTION */;
